id,venue_id,phone,formattedPhone,instagram,twitter,facebook,facebookUsername,facebookName
1,1,NULL,NULL,NULL,NULL,NULL,NULL,NULL
2,2,+442079308205,"+44 20 7930 8205",pizzaexpress,pizzaexpress,135750156989211,NULL,"Pizza Express"
3,3,+443432221234,"+44 343 222 1234",transportforlondon,tfltravelalerts,212038972186253,transportforlondon,"Transport for London"
4,4,NULL,NULL,NULL,NULL,NULL,NULL,NULL
5,5,+443457484950,"+44 345 748 4950",national.rail,nationalrailenq,94740547473,nationalrailenq,"National Rail"
6,6,+443457114141,"+44 345 711 4141",NULL,tflbusalerts,NULL,NULL,NULL
7,7,+442077472885,"+44 20 7747 2885",national_gallery,nationalgallery,83395535556,thenationalgallery,"National Gallery"
8,8,+442072406814,"+44 20 7240 6814",itsuofficial,itsuofficial,115164458642981,itsulondon,itsu
9,9,+2037640385,"+20 3 7640385",itsuofficial,itsuofficial,115164458642981,itsulondon,itsu
10,10,NULL,NULL,NULL,NULL,NULL,NULL,NULL
11,11,+442079302020,"+44 20 7930 2020",NULL,NULL,NULL,NULL,NULL
12,12,+442077661122,"+44 20 7766 1122",NULL,smitf_london,NULL,NULL,NULL
13,13,NULL,NULL,NULL,NULL,NULL,NULL,NULL
14,14,+442073060055,"+44 20 7306 0055",nationalportraitgallery,npglondon,213441154663,nationalportraitgallery,"National Portrait Gallery"
15,15,+442078394570,"+44 20 7839 4570",coopukfood,coopukfood,10150110761225377,Coopuk,Co-op
16,16,+442078395510,"+44 20 7839 5510",bootsuk,bootsuk,137917343831,BootsOfficialUK,"Boots UK"
17,17,+442078395370,"+44 20 7839 5370",paul_bakeryuk,paul_bakery,112739562071324,paul1889.uk,"PAUL Bakery, Patisserie, Caf?© and Restaurant"
18,18,+442077478404,"+44 20 7747 8404",NULL,charingcrossldn,NULL,NULL,NULL
19,19,+442079252451,"+44 20 7925 2451",marksandspencer,marksandspencer,NULL,NULL,NULL
20,20,NULL,NULL,NULL,NULL,NULL,NULL,NULL
21,21,+442079307530,"+44 20 7930 7530",mcdonaldsuk,mcdonaldsuk,209644529058679,McDonaldsUK,McDonald's
22,22,+442073794242,"+44 20 7379 4242",jubilee.market,jubileemarket75,487891144656509,jubileemarket,"Jubilee Market, Covent Garden"
23,23,NULL,NULL,NULL,insidejigsaw,155893774519323,InsideJigsaw,Jigsaw
24,24,+447709654594,"+44 7709 654594",NULL,NULL,NULL,NULL,NULL
25,25,NULL,NULL,evofitness_official,NULL,NULL,NULL,NULL
26,26,NULL,NULL,NULL,NULL,NULL,NULL,NULL
27,27,+49309362800,"+49 30 9362800",NULL,NULL,124636994336271,LuxElevenHotel,"Lux11 Hotel"
28,28,+493070093967,"+49 30 70093967",NULL,NULL,NULL,NULL,NULL
29,29,+493020089999,"+49 30 20089999",NULL,NULL,481437858702947,kingking.restaurant,"King King Restaurant Berlin"
30,30,+493023458283,"+49 30 23458283",NULL,NULL,NULL,NULL,NULL
31,31,NULL,NULL,NULL,NULL,NULL,NULL,NULL
32,32,NULL,NULL,NULL,NULL,NULL,NULL,NULL
33,33,NULL,NULL,NULL,NULL,NULL,NULL,NULL
34,34,NULL,NULL,NULL,NULL,NULL,NULL,NULL
35,35,NULL,NULL,NULL,NULL,NULL,NULL,NULL
36,36,NULL,NULL,NULL,NULL,NULL,NULL,NULL
37,37,+493039710948,"+49 30 39710948",NULL,NULL,541187023042186,phocoberlinmitte,"Pho Co Restaurant - Berlin Mitte"
38,38,+493028043240,"+49 30 28043240",NULL,NULL,1466141623419838,losteria.berlin.memhardstrasse,L'Osteria
39,39,NULL,NULL,NULL,NULL,NULL,NULL,NULL
40,40,NULL,NULL,NULL,bubblekidberlin,NULL,NULL,NULL
41,41,+49302423431,"+49 30 2423431",NULL,NULL,124403840946136,NULL,Escados
42,42,+493084712959,"+49 30 84712959",braufactumberlin,NULL,NULL,NULL,NULL
43,43,NULL,NULL,NULL,NULL,NULL,NULL,NULL
44,44,+493030875459,"+49 30 30875459",NULL,NULL,137509872965920,HoVangBerlin,"Ho Vang"
45,45,NULL,NULL,NULL,NULL,NULL,NULL,NULL
46,46,NULL,NULL,NULL,NULL,NULL,NULL,NULL
47,47,+493055605668,"+49 30 55605668",NULL,NULL,551000738390280,fusionfactoryberlin,"Fusion Factory"
48,48,+493028478578,"+49 30 28478578",NULL,NULL,NULL,NULL,NULL
49,49,+49302415472,"+49 30 2415472",NULL,NULL,NULL,NULL,NULL
50,50,+493030878989,"+49 30 30878989",brauereilemke,brauereilemke,1759307250988038,brauhauslemkeamalex,"Brauhaus Lemke am Alex"
51,51,+493028046945,"+49 30 28046945",NULL,NULL,NULL,NULL,NULL
52,52,+4915225802398,"+49 1522 5802398",NULL,NULL,NULL,NULL,NULL
53,53,NULL,NULL,NULL,NULL,NULL,NULL,NULL
54,54,NULL,NULL,NULL,NULL,NULL,NULL,NULL
55,55,+4930408186327,"+49 30 408186327",NULL,NULL,315216115264681,TYPEHYPE,"TYPE HYPE"
56,56,NULL,NULL,NULL,NULL,NULL,NULL,NULL
57,57,NULL,NULL,NULL,NULL,NULL,NULL,NULL
58,58,NULL,NULL,NULL,NULL,NULL,NULL,NULL
59,59,NULL,NULL,NULL,NULL,NULL,NULL,NULL
60,60,+49302423974,"+49 30 2423974",NULL,NULL,NULL,NULL,NULL
61,61,NULL,NULL,NULL,NULL,NULL,NULL,NULL
62,62,NULL,NULL,NULL,NULL,NULL,NULL,NULL
63,63,+493028493703,"+49 30 28493703",NULL,NULL,NULL,NULL,NULL
64,64,+493048810825,"+49 30 48810825",NULL,NULL,NULL,NULL,NULL
65,65,+491632652503,"+49 163 2652503",NULL,NULL,NULL,NULL,NULL
66,66,NULL,NULL,NULL,NULL,NULL,NULL,NULL
67,67,NULL,NULL,NULL,NULL,NULL,NULL,NULL
68,68,NULL,NULL,NULL,NULL,NULL,NULL,NULL
69,69,NULL,NULL,NULL,NULL,NULL,NULL,NULL
70,70,NULL,NULL,NULL,NULL,NULL,NULL,NULL
71,71,NULL,NULL,NULL,NULL,NULL,NULL,NULL
72,72,NULL,NULL,NULL,NULL,NULL,NULL,NULL
73,73,NULL,NULL,NULL,NULL,NULL,NULL,NULL
74,74,+49304268319,"+49 30 4268319",NULL,NULL,NULL,NULL,NULL
75,75,+493024085251,"+49 30 24085251",NULL,NULL,NULL,NULL,NULL
76,76,NULL,NULL,NULL,NULL,NULL,NULL,NULL
77,77,NULL,NULL,NULL,NULL,NULL,NULL,NULL
78,78,+493070221225,"+49 30 70221225",NULL,NULL,NULL,NULL,NULL
79,79,NULL,NULL,NULL,NULL,NULL,NULL,NULL
80,80,NULL,NULL,NULL,NULL,NULL,NULL,NULL
81,81,NULL,NULL,NULL,NULL,NULL,NULL,NULL
82,82,NULL,NULL,NULL,NULL,NULL,NULL,NULL
83,83,NULL,NULL,NULL,NULL,1188751361248066,barrydiskobar,"BARRY - Bar"
84,84,+493027596130,"+49 30 27596130",NULL,NULL,NULL,NULL,NULL
85,85,+498007245776,"+49 800 7245776",NULL,euronetde,181096508613524,geldautomat.de,geldautomat.de
86,86,NULL,NULL,NULL,NULL,NULL,NULL,NULL
87,87,+4930206444060,"+49 30 206444060",NULL,NULL,NULL,NULL,NULL
88,88,+49302475760,"+49 30 2475760",NULL,NULL,NULL,NULL,NULL
89,89,NULL,NULL,NULL,NULL,NULL,NULL,NULL
90,90,NULL,NULL,NULL,NULL,NULL,NULL,NULL
91,91,NULL,NULL,NULL,NULL,NULL,NULL,NULL
92,92,NULL,NULL,NULL,NULL,NULL,NULL,NULL
93,93,+493020912878,"+49 30 20912878",NULL,NULL,666427113391159,kraftwerk.berlin.kl,Kraftwerk-Physiotraining
94,94,NULL,NULL,NULL,NULL,NULL,NULL,NULL
95,95,NULL,NULL,NULL,NULL,NULL,NULL,NULL
96,96,+493022453966,"+49 30 22453966",NULL,NULL,NULL,NULL,NULL
97,97,NULL,NULL,NULL,NULL,NULL,NULL,NULL
98,98,NULL,NULL,NULL,NULL,NULL,NULL,NULL
99,99,NULL,NULL,NULL,NULL,NULL,NULL,NULL
100,100,+493089677804855,"+49 30 89677804855",NULL,waytostay,NULL,NULL,NULL
101,101,NULL,NULL,NULL,NULL,NULL,NULL,NULL
102,102,NULL,NULL,NULL,NULL,NULL,NULL,NULL
103,103,NULL,NULL,NULL,NULL,NULL,NULL,NULL
104,104,NULL,NULL,NULL,NULL,NULL,NULL,NULL
105,105,+498003331010,"+49 800 3331010",NULL,NULL,NULL,NULL,NULL
106,106,NULL,NULL,NULL,NULL,NULL,NULL,NULL
107,107,NULL,NULL,NULL,NULL,NULL,NULL,NULL
108,108,+4915225802398,"+49 1522 5802398",NULL,NULL,NULL,NULL,NULL
109,109,NULL,NULL,NULL,NULL,NULL,NULL,NULL
110,110,NULL,NULL,NULL,NULL,NULL,NULL,NULL
111,111,NULL,NULL,NULL,NULL,NULL,NULL,NULL
112,112,NULL,NULL,NULL,NULL,NULL,NULL,NULL
113,113,NULL,NULL,NULL,NULL,NULL,NULL,NULL
114,114,NULL,NULL,NULL,NULL,NULL,NULL,NULL
115,115,NULL,NULL,NULL,NULL,NULL,NULL,NULL
116,116,NULL,NULL,NULL,NULL,NULL,NULL,NULL
117,117,NULL,NULL,NULL,citeecar,NULL,NULL,NULL
118,118,NULL,NULL,NULL,NULL,NULL,NULL,NULL
119,119,NULL,NULL,NULL,NULL,NULL,NULL,NULL
120,120,NULL,NULL,NULL,NULL,NULL,NULL,NULL
121,121,NULL,NULL,NULL,citeecar,NULL,NULL,NULL
122,122,NULL,NULL,NULL,NULL,NULL,NULL,NULL
123,123,NULL,NULL,NULL,NULL,NULL,NULL,NULL
124,124,+493024046801,"+49 30 24046801",NULL,NULL,NULL,NULL,NULL
125,125,+493020163020,"+49 30 20163020",NULL,blacklane,NULL,NULL,NULL
126,126,NULL,NULL,NULL,NULL,NULL,NULL,NULL
127,127,NULL,NULL,NULL,NULL,NULL,NULL,NULL
128,128,NULL,NULL,NULL,NULL,NULL,NULL,NULL
129,129,NULL,NULL,NULL,NULL,NULL,NULL,NULL
130,130,NULL,NULL,NULL,viewster,NULL,NULL,NULL
131,131,NULL,NULL,NULL,NULL,NULL,NULL,NULL
132,132,NULL,NULL,NULL,NULL,NULL,NULL,NULL
133,133,NULL,NULL,NULL,NULL,NULL,NULL,NULL
134,134,NULL,NULL,NULL,NULL,NULL,NULL,NULL
135,135,NULL,NULL,NULL,NULL,NULL,NULL,NULL
136,136,NULL,NULL,NULL,NULL,NULL,NULL,NULL
137,137,NULL,NULL,NULL,erikabele,NULL,NULL,NULL
138,138,+493028093580,"+49 30 28093580",NULL,blush_berlin,206770278844,blushDessous,"blush Berlin"
139,139,NULL,NULL,NULL,NULL,NULL,NULL,NULL
140,140,NULL,NULL,NULL,NULL,NULL,NULL,NULL
141,141,NULL,NULL,NULL,NULL,NULL,NULL,NULL
142,142,+4930208980160,"+49 30 208980160",NULL,NULL,NULL,NULL,NULL
143,143,+34934539264,"+34 934 53 92 64",NULL,NULL,NULL,NULL,NULL
144,144,NULL,NULL,NULL,NULL,NULL,NULL,NULL
145,145,+34934539220,"+34 934 53 92 20",NULL,NULL,NULL,NULL,NULL
146,146,NULL,NULL,NULL,NULL,NULL,NULL,NULL
147,147,+34934517085,"+34 934 51 70 85",NULL,NULL,NULL,NULL,NULL
148,148,+34934511565,"+34 934 51 15 65",charlotcafe,charlotcafebcn,262564310436965,CHARLOTCAFEBCN,"Charlot Caf?¨"
149,149,NULL,NULL,NULL,NULL,NULL,NULL,NULL
150,150,+34931125628,"+34 931 12 56 28",NULL,NULL,NULL,NULL,NULL
151,151,NULL,NULL,NULL,NULL,NULL,NULL,NULL
152,152,NULL,NULL,NULL,NULL,NULL,NULL,NULL
153,153,NULL,NULL,NULL,NULL,NULL,NULL,NULL
154,154,+34931383572,"+34 931 38 35 72",brunchandcake,cupandcakesbcn,106615112716320,brunchandcake,"Brunch & Cake"
155,155,NULL,NULL,NULL,NULL,NULL,NULL,NULL
156,156,+34934518401,"+34 934 51 84 01",NULL,NULL,NULL,NULL,NULL
157,157,+34933239490,"+34 933 23 94 90",cincsentits,cincsentits,NULL,NULL,NULL
158,158,NULL,NULL,NULL,NULL,NULL,NULL,NULL
159,159,+34933284633,"+34 933 28 46 33",NULL,NULL,615423188507683,BuenosAiresGrillRestaurant,"Buenos Aires Grill Restaurant"
160,160,+34931380319,"+34 931 38 03 19",NULL,NULL,NULL,NULL,NULL
161,161,NULL,NULL,NULL,NULL,NULL,NULL,NULL
162,162,+34934533316,"+34 934 53 33 16",NULL,santagloria_pan,214612705226137,santagloriapanaderia,SANTAGLORIA
163,163,NULL,NULL,NULL,NULL,NULL,NULL,NULL
164,164,+34936118301,"+34 936 11 83 01",chivuos,chivuos,613174725533439,chivuoseixample,"Chivuo's Slow Street Food & Craft Beer"
165,165,+34933232743,"+34 933 23 27 43",NULL,08011,183518974992456,mikkeller,Mikkeller
166,166,+34934513946,"+34 934 51 39 46",NULL,NULL,544833828937183,NULL,"Rinc?³n Maya"
167,167,NULL,NULL,NULL,NULL,NULL,NULL,NULL
168,168,NULL,NULL,NULL,NULL,NULL,NULL,NULL
169,169,NULL,NULL,NULL,NULL,NULL,NULL,NULL
170,170,NULL,NULL,NULL,NULL,NULL,NULL,NULL
171,171,NULL,NULL,NULL,NULL,NULL,NULL,NULL
172,172,NULL,NULL,NULL,NULL,NULL,NULL,NULL
173,173,+34934515412,"+34 934 51 54 12",NULL,NULL,NULL,NULL,NULL
174,174,NULL,NULL,NULL,NULL,NULL,NULL,NULL
175,175,NULL,NULL,NULL,NULL,NULL,NULL,NULL
176,176,NULL,NULL,NULL,NULL,NULL,NULL,NULL
177,177,+34934531024,"+34 934 53 10 24",NULL,NULL,NULL,NULL,NULL
178,178,NULL,NULL,NULL,NULL,NULL,NULL,NULL
179,179,NULL,NULL,NULL,NULL,NULL,NULL,NULL
180,180,+34932018830,"+34 932 01 88 30",NULL,NULL,NULL,NULL,NULL
181,181,+34934531334,"+34 934 53 13 34",NULL,NULL,NULL,NULL,NULL
182,182,+34934539010,"+34 934 53 90 10",NULL,NULL,NULL,NULL,NULL
183,183,NULL,NULL,NULL,NULL,NULL,NULL,NULL
184,184,NULL,NULL,NULL,NULL,NULL,NULL,NULL
185,185,+34646325518,"+34 646 32 55 18",NULL,NULL,NULL,NULL,NULL
186,186,+34934519639,"+34 934 51 96 39",NULL,NULL,NULL,NULL,NULL
187,187,NULL,NULL,NULL,NULL,NULL,NULL,NULL
188,188,NULL,NULL,NULL,NULL,NULL,NULL,NULL
189,189,+34934518341,"+34 934 51 83 41",NULL,NULL,NULL,NULL,NULL
190,190,+34933238023,"+34 933 23 80 23",NULL,NULL,NULL,NULL,NULL
191,191,+31206420617,"+31 20 642 0617",NULL,NULL,NULL,NULL,NULL
192,192,NULL,NULL,NULL,NULL,NULL,NULL,NULL
193,193,NULL,NULL,NULL,NULL,NULL,NULL,NULL
194,194,NULL,NULL,NULL,NULL,NULL,NULL,NULL
195,195,+31204278341,"+31 20 427 8341",NULL,NULL,NULL,NULL,NULL
196,196,NULL,NULL,NULL,NULL,NULL,NULL,NULL
197,197,NULL,NULL,NULL,NULL,NULL,NULL,NULL
198,198,+31207173044,"+31 20 717 3044",NULL,NULL,NULL,NULL,NULL
199,199,+31203206333,"+31 20 320 6333",NULL,reypenaer,146355162080789,Reypenaer,"Reypenaer Cheese"
200,200,NULL,NULL,NULL,NULL,NULL,NULL,NULL
201,201,NULL,NULL,properribs,NULL,NULL,NULL,NULL
202,202,NULL,NULL,NULL,NULL,NULL,NULL,NULL
203,203,+31207527585,"+31 20 752 7585",NULL,smallesthouse,152338571618703,thesmallesthouseinamsterdam,"The Smallest House in Amsterdam"
204,204,NULL,NULL,NULL,NULL,NULL,NULL,NULL
205,205,NULL,NULL,NULL,NULL,NULL,NULL,NULL
206,206,NULL,NULL,NULL,NULL,NULL,NULL,NULL
207,207,+31206391055,"+31 20 639 1055",NULL,NULL,146779808705493,NULL,"Cafe van zuylen"
208,208,NULL,NULL,NULL,NULL,NULL,NULL,NULL
209,209,+31203316652,"+31 20 331 6652",NULL,caffeilmomento,184564908346102,NULL,"Caff?¨ il Momento"
210,210,+31205703570,"+31 20 570 3570",NULL,NULL,176728359026164,MagnaPlazaAmsterdam,"Magna Plaza Amsterdam"
211,211,NULL,NULL,NULL,NULL,283045460973,theaterrestaurant,"'t sluisje"
212,212,+31204274079,"+31 20 427 4079",NULL,NULL,330595440364328,cafe.de.barones,"Cafe de Barones"
213,213,NULL,NULL,NULL,NULL,NULL,NULL,NULL
214,214,NULL,NULL,NULL,NULL,NULL,NULL,NULL
215,215,NULL,NULL,NULL,NULL,NULL,NULL,NULL
216,216,+31207372015,"+31 20 737 2015",NULL,NULL,1770115383264696,cocotte.hexagone,"Cocotte by Hexagone"
217,217,NULL,NULL,NULL,NULL,NULL,NULL,NULL
218,218,NULL,NULL,NULL,NULL,NULL,NULL,NULL
219,219,NULL,NULL,NULL,NULL,NULL,NULL,NULL
220,220,+31205258961,"+31 20 525 8961",NULL,NULL,131895830202429,USC.Universum,"USC Universum"
221,221,NULL,NULL,NULL,NULL,NULL,NULL,NULL
222,222,NULL,NULL,NULL,NULL,NULL,NULL,NULL
223,223,NULL,NULL,NULL,NULL,NULL,NULL,NULL
224,224,NULL,NULL,NULL,NULL,NULL,NULL,NULL
225,225,NULL,NULL,NULL,NULL,NULL,NULL,NULL
226,226,NULL,NULL,NULL,NULL,NULL,NULL,NULL
227,227,NULL,NULL,NULL,NULL,NULL,NULL,NULL
228,228,NULL,NULL,NULL,NULL,NULL,NULL,NULL
229,229,NULL,NULL,NULL,NULL,NULL,NULL,NULL
230,230,+31206225233,"+31 20 622 5233",NULL,NULL,1067004653309677,Restaurantbreda,"Restaurant BREDA"
231,231,NULL,NULL,NULL,NULL,NULL,NULL,NULL
232,232,NULL,NULL,NULL,NULL,NULL,NULL,NULL
233,233,NULL,NULL,NULL,NULL,NULL,NULL,NULL
234,234,NULL,NULL,NULL,NULL,NULL,NULL,NULL
235,235,NULL,NULL,NULL,NULL,195071513883518,NULL,OODE
236,236,NULL,NULL,NULL,NULL,NULL,NULL,NULL
237,237,NULL,NULL,NULL,NULL,NULL,NULL,NULL
238,238,NULL,NULL,NULL,NULL,NULL,NULL,NULL
239,239,NULL,NULL,NULL,NULL,NULL,NULL,NULL
240,240,NULL,NULL,NULL,NULL,NULL,NULL,NULL
241,241,NULL,NULL,NULL,NULL,NULL,NULL,NULL
242,242,NULL,NULL,NULL,NULL,NULL,NULL,NULL
243,243,NULL,NULL,NULL,NULL,NULL,NULL,NULL
244,244,NULL,NULL,NULL,NULL,NULL,NULL,NULL
245,245,+31203309796,"+31 20 330 9796",NULL,unitednude,NULL,NULL,NULL
246,246,NULL,NULL,NULL,NULL,NULL,NULL,NULL
247,247,NULL,NULL,NULL,NULL,NULL,NULL,NULL
248,248,NULL,NULL,NULL,NULL,NULL,NULL,NULL
249,249,NULL,NULL,NULL,NULL,NULL,NULL,NULL
250,250,+31206388447,"+31 20 638 8447",NULL,americatodaycom,180216815327567,americatoday,"America Today"
251,251,NULL,NULL,NULL,NULL,NULL,NULL,NULL
252,252,NULL,NULL,NULL,NULL,NULL,NULL,NULL
253,253,NULL,NULL,NULL,sugarnice_nl,209201652551753,sugarNice2013,"Sugar 'N ice"
254,254,+31203206682,"+31 20 320 6682",NULL,NULL,549871245165527,NULL,"District 5 Junior"
255,255,+31203206682,"+31 20 320 6682",NULL,NULL,NULL,NULL,NULL
256,256,+31206232917,"+31 20 623 2917",NULL,NULL,283204271794350,lafruteriajuicebar,"La Fruteria"
257,257,NULL,NULL,NULL,NULL,NULL,NULL,NULL
258,258,NULL,NULL,NULL,NULL,NULL,NULL,NULL
259,259,NULL,NULL,NULL,NULL,NULL,NULL,NULL
260,260,NULL,NULL,NULL,NULL,NULL,NULL,NULL
261,261,NULL,NULL,NULL,NULL,NULL,NULL,NULL
262,262,+31203309395,"+31 20 330 9395",NULL,swarovski,167081942646,SWAROVSKI.global,SWAROVSKI
263,263,+31645622607,"+31 6 45622607",NULL,NULL,NULL,NULL,NULL
264,264,NULL,NULL,NULL,NULL,NULL,NULL,NULL
265,265,NULL,NULL,NULL,NULL,NULL,NULL,NULL
266,266,NULL,NULL,NULL,NULL,NULL,NULL,NULL
267,267,NULL,NULL,NULL,NULL,NULL,NULL,NULL
268,268,NULL,NULL,NULL,NULL,NULL,NULL,NULL
269,269,+31205255089,"+31 20 525 5089",NULL,NULL,NULL,NULL,NULL
270,270,NULL,NULL,NULL,NULL,NULL,NULL,NULL
271,271,NULL,NULL,NULL,NULL,NULL,NULL,NULL
272,272,NULL,NULL,NULL,NULL,NULL,NULL,NULL
273,273,NULL,NULL,NULL,NULL,NULL,NULL,NULL
274,274,NULL,NULL,NULL,NULL,NULL,NULL,NULL
275,275,NULL,NULL,NULL,NULL,NULL,NULL,NULL
276,276,NULL,NULL,NULL,NULL,NULL,NULL,NULL
277,277,NULL,NULL,NULL,NULL,NULL,NULL,NULL
278,278,NULL,NULL,NULL,NULL,NULL,NULL,NULL
279,279,NULL,NULL,NULL,NULL,NULL,NULL,NULL
280,280,NULL,NULL,NULL,NULL,NULL,NULL,NULL
281,281,NULL,NULL,NULL,NULL,NULL,NULL,NULL
282,282,NULL,NULL,NULL,NULL,NULL,NULL,NULL
283,283,NULL,NULL,NULL,NULL,NULL,NULL,NULL
284,284,+31205208520,"+31 20 520 8520",NULL,nibesvv,NULL,NULL,NULL
285,285,+31756223230,"+31 75 622 3230",NULL,NULL,NULL,NULL,NULL
286,286,NULL,NULL,NULL,mineralissima,NULL,NULL,NULL
287,287,NULL,NULL,NULL,NULL,NULL,NULL,NULL
288,288,+31202602042,"+31 20 260 2042",NULL,NULL,NULL,NULL,NULL
289,289,NULL,NULL,NULL,NULL,NULL,NULL,NULL
290,290,+31205616036,"+31 20 561 6036",NULL,targetvisionmed,NULL,NULL,NULL
291,291,+31205208523,"+31 20 520 8523",NULL,NULL,NULL,NULL,NULL
292,292,NULL,NULL,NULL,NULL,NULL,NULL,NULL
293,293,NULL,NULL,NULL,NULL,NULL,NULL,NULL
294,294,NULL,NULL,NULL,NULL,NULL,NULL,NULL
295,295,NULL,NULL,NULL,NULL,NULL,NULL,NULL
296,296,NULL,NULL,NULL,NULL,NULL,NULL,NULL
297,297,NULL,NULL,NULL,NULL,NULL,NULL,NULL
298,298,NULL,NULL,NULL,NULL,NULL,NULL,NULL
299,299,NULL,NULL,NULL,NULL,NULL,NULL,NULL
300,300,NULL,NULL,NULL,NULL,NULL,NULL,NULL
301,301,NULL,NULL,NULL,eerlijkwaar,NULL,NULL,NULL
302,302,NULL,NULL,NULL,NULL,NULL,NULL,NULL
303,303,NULL,NULL,NULL,NULL,NULL,NULL,NULL
304,304,NULL,NULL,NULL,NULL,NULL,NULL,NULL
305,305,NULL,NULL,NULL,NULL,NULL,NULL,NULL
306,306,NULL,NULL,NULL,NULL,NULL,NULL,NULL
307,307,NULL,NULL,NULL,NULL,NULL,NULL,NULL
308,308,NULL,NULL,NULL,NULL,NULL,NULL,NULL
309,309,NULL,NULL,NULL,NULL,NULL,NULL,NULL
310,310,NULL,NULL,NULL,NULL,NULL,NULL,NULL
311,311,NULL,NULL,NULL,NULL,NULL,NULL,NULL
312,312,NULL,NULL,NULL,NULL,NULL,NULL,NULL
313,313,NULL,NULL,NULL,NULL,NULL,NULL,NULL
314,314,NULL,NULL,NULL,NULL,NULL,NULL,NULL
315,315,NULL,NULL,NULL,NULL,NULL,NULL,NULL
316,316,2122429433,"(212) 242-9433",NULL,flywheel,184368511691407,FlywheelFlatiron,"Flywheel Sports"
317,317,NULL,NULL,NULL,NULL,NULL,NULL,NULL
318,318,6463804813,"(646) 380-4813",foursquare,foursquare,NULL,NULL,NULL
319,319,NULL,NULL,NULL,NULL,NULL,NULL,NULL
320,320,NULL,NULL,NULL,NULL,NULL,NULL,NULL
321,321,2122552106,"(212) 255-2106",traderjoes,NULL,144263675617806,NULL,"Trader Joe's - New York , NY"
322,322,2129299571,"(212) 929-9571",NULL,homedepot,245090715527637,Home.Depot.Manhattan.West.23rd.St.Ny,"The Home Depot"
323,323,8556673232,"(855) 667-3232",NULL,NULL,471300403449444,CFA22ndand6thInLine,Chick-fil-A
324,324,6466929282,"(646) 692-9282",NULL,bxlcafenyc,NULL,NULL,NULL
325,325,7188551000,"(718) 855-1000",brooklynroasting,bklynroasting,118373244869944,brooklynroastingcompany,"Brooklyn Roasting Company"
326,326,6466492099,"(646) 649-2099",NULL,NULL,NULL,NULL,NULL
327,327,2127028742,"(212) 702-8742",NULL,NULL,NULL,NULL,NULL
328,328,2128882297,"(212) 888-2297",empirestateofwine,NULL,777320685772996,Empirestateofwine,"Empire State of Wine"
329,329,6469491422,"(646) 949-1422",NULL,petsmart,180306692610369,PetSmartManhattanNY,PetSmart
330,330,NULL,NULL,NULL,NULL,NULL,NULL,NULL
331,331,6465880133,"(646) 588-0133",NULL,NULL,NULL,NULL,NULL
332,332,6462774497,"(646) 277-4497",NULL,ridepeloton,276454582447360,onepeloton,Peloton
333,333,6466492768,"(646) 649-2768",bitenyc,biteny,331606430263066,biteon14,BITE
334,334,2123523132,"(212) 352-3132",NULL,thebrrrn,380591632298482,NULL,Brrrn
335,335,NULL,NULL,NULL,NULL,NULL,NULL,NULL
336,336,2122430245,"(212) 243-0245",NULL,NULL,NULL,NULL,NULL
337,337,9173882332,"(917) 388-2332",NULL,NULL,NULL,NULL,NULL
338,338,NULL,NULL,NULL,NULL,NULL,NULL,NULL
339,339,NULL,NULL,NULL,NULL,NULL,NULL,NULL
340,340,NULL,NULL,NULL,NULL,NULL,NULL,NULL
341,341,2129667364,"(212) 966-7364",NULL,NULL,NULL,NULL,NULL
342,342,NULL,NULL,NULL,NULL,NULL,NULL,NULL
343,343,2122292226,"(212) 229-2226",NULL,sagaponacknyc,NULL,NULL,NULL
344,344,NULL,NULL,NULL,NULL,NULL,NULL,NULL
345,345,NULL,NULL,NULL,NULL,NULL,NULL,NULL
346,346,2122292560,"(212) 229-2560",eatalyflatiron,eatalyflatiron,128969973814087,EatalyNYCFlatiron,"Eataly NYC Flatiron"
347,347,2123818900,"(212) 381-8900",NULL,NULL,NULL,NULL,NULL
348,348,NULL,NULL,NULL,NULL,NULL,NULL,NULL
349,349,NULL,NULL,NULL,NULL,NULL,NULL,NULL
350,350,NULL,NULL,NULL,NULL,NULL,NULL,NULL
351,351,NULL,NULL,NULL,NULL,NULL,NULL,NULL
352,352,NULL,NULL,NULL,NULL,NULL,NULL,NULL
353,353,2128374800,"(212) 837-4800",NULL,NULL,NULL,NULL,NULL
354,354,2127412991,"(212) 741-2991",NULL,fotocare,371593286186972,fotocare,"Foto Care"
355,355,NULL,NULL,NULL,NULL,NULL,NULL,NULL
356,356,NULL,NULL,NULL,divide,NULL,NULL,NULL
357,357,NULL,NULL,NULL,NULL,NULL,NULL,NULL
358,358,NULL,NULL,NULL,NULL,NULL,NULL,NULL
359,359,NULL,NULL,NULL,NULL,NULL,NULL,NULL
360,360,NULL,NULL,NULL,thefader,NULL,NULL,NULL
361,361,NULL,NULL,NULL,NULL,NULL,NULL,NULL
362,362,NULL,NULL,NULL,NULL,NULL,NULL,NULL
363,363,NULL,NULL,NULL,NULL,NULL,NULL,NULL
364,364,2122556717,"(212) 255-6717",NULL,bullfrogandbaum,NULL,NULL,NULL
365,365,NULL,NULL,NULL,NULL,NULL,NULL,NULL
366,366,NULL,NULL,NULL,NULL,NULL,NULL,NULL
367,367,NULL,NULL,NULL,NULL,NULL,NULL,NULL
368,368,2126757573,"(212) 675-7573",NULL,theimclab,217401148293388,theimclab,"The IMC Lab + Gallery"
369,369,NULL,NULL,NULL,NULL,NULL,NULL,NULL
370,370,2122430033,"(212) 243-0033",NULL,ateliergirerd,356325201981,LatelierDuChocolatNYC,"L'atelier du chocolat"
371,371,NULL,NULL,NULL,NULL,NULL,NULL,NULL
372,372,NULL,NULL,NULL,NULL,NULL,NULL,NULL
373,373,NULL,NULL,NULL,zipmark,NULL,NULL,NULL
374,374,NULL,NULL,NULL,NULL,NULL,NULL,NULL
375,375,NULL,NULL,NULL,NULL,NULL,NULL,NULL
376,376,NULL,NULL,NULL,NULL,NULL,NULL,NULL
377,377,NULL,NULL,NULL,NULL,NULL,NULL,NULL
378,378,2122558237,"(212) 255-8237",NULL,usarmy,NULL,NULL,NULL
379,379,NULL,NULL,NULL,cafanyc,NULL,NULL,NULL
380,380,NULL,NULL,NULL,NULL,NULL,NULL,NULL
381,381,NULL,NULL,NULL,NULL,NULL,NULL,NULL
382,382,NULL,NULL,NULL,NULL,NULL,NULL,NULL
383,383,NULL,NULL,NULL,NULL,NULL,NULL,NULL
384,384,NULL,NULL,NULL,NULL,NULL,NULL,NULL
385,385,2127308828,"(212) 730-8828",NULL,threecustom,NULL,NULL,NULL
386,386,NULL,NULL,NULL,NULL,NULL,NULL,NULL
387,387,2127270322,"(212) 727-0322",NULL,NULL,NULL,NULL,NULL
388,388,2123772684,"(212) 377-2684",NULL,NULL,NULL,NULL,NULL
389,389,NULL,NULL,NULL,NULL,NULL,NULL,NULL
390,390,NULL,NULL,NULL,NULL,NULL,NULL,NULL
391,391,2124144800,"(212) 414-4800",NULL,NULL,NULL,NULL,NULL
392,392,2129242877,"(212) 924-2877",NULL,NULL,NULL,NULL,NULL
393,393,NULL,NULL,NULL,NULL,NULL,NULL,NULL
394,394,NULL,NULL,NULL,NULL,NULL,NULL,NULL
395,395,NULL,NULL,NULL,lionesquegroup,185849738189582,LionesqueGroup,"Lionesque Group"
396,396,2123669080,"(212) 366-9080",NULL,NULL,NULL,NULL,NULL
397,397,NULL,NULL,NULL,NULL,NULL,NULL,NULL
398,398,NULL,NULL,NULL,NULL,NULL,NULL,NULL
399,399,NULL,NULL,NULL,ellelauri,NULL,NULL,NULL
400,400,NULL,NULL,NULL,NULL,NULL,NULL,NULL
401,401,NULL,NULL,NULL,NULL,NULL,NULL,NULL
402,402,NULL,NULL,NULL,NULL,NULL,NULL,NULL
403,403,2122390900,"(212) 239-0900",NULL,NULL,NULL,NULL,NULL
404,404,6466540668,"(646) 654-0668",NULL,NULL,NULL,NULL,NULL
405,405,2128579370,"(212) 857-9370",NULL,bitecomms,NULL,NULL,NULL
406,406,NULL,NULL,NULL,zipmark,NULL,NULL,NULL
407,407,2127102700,"(212) 710-2700",NULL,NULL,NULL,NULL,NULL
408,408,+6468322262,"+64 6-832 2262",NULL,NULL,NULL,NULL,NULL
409,409,2129242929,"(212) 924-2929",NULL,NULL,NULL,NULL,NULL
410,410,NULL,NULL,NULL,NULL,NULL,NULL,NULL
411,411,NULL,NULL,NULL,NULL,NULL,NULL,NULL
412,412,NULL,NULL,NULL,NULL,NULL,NULL,NULL
413,413,NULL,NULL,NULL,NULL,NULL,NULL,NULL
414,414,NULL,NULL,NULL,NULL,NULL,NULL,NULL
415,415,2122060555,"(212) 206-0555",NULL,NULL,NULL,NULL,NULL
416,416,NULL,NULL,NULL,NULL,NULL,NULL,NULL
417,417,NULL,NULL,NULL,apprenda,NULL,NULL,NULL
418,418,NULL,NULL,NULL,NULL,NULL,NULL,NULL
419,419,NULL,NULL,NULL,NULL,NULL,NULL,NULL
420,420,6466667015,"(646) 666-7015",NULL,boldstartvc,NULL,NULL,NULL
421,421,+5162476452,"+51 62 476452",NULL,NULL,NULL,NULL,NULL
422,422,NULL,NULL,NULL,NULL,NULL,NULL,NULL
423,423,2122483333,"(212) 248-3333",NULL,NULL,285183852810,miradorre,"Mirador Real Estate"
424,424,NULL,NULL,NULL,NULL,NULL,NULL,NULL
425,425,NULL,NULL,NULL,NULL,NULL,NULL,NULL
426,426,NULL,NULL,NULL,NULL,NULL,NULL,NULL
427,427,2128689850,"(212) 868-9850",NULL,skiphop,NULL,NULL,NULL
428,428,NULL,NULL,NULL,NULL,NULL,NULL,NULL
429,429,NULL,NULL,NULL,NULL,NULL,NULL,NULL
430,430,NULL,NULL,NULL,NULL,NULL,NULL,NULL
431,431,NULL,NULL,NULL,NULL,NULL,NULL,NULL
432,432,NULL,NULL,NULL,NULL,NULL,NULL,NULL
433,433,NULL,NULL,NULL,NULL,NULL,NULL,NULL
434,434,NULL,NULL,NULL,NULL,NULL,NULL,NULL
435,435,NULL,NULL,NULL,NULL,NULL,NULL,NULL
436,436,NULL,NULL,NULL,NULL,NULL,NULL,NULL
437,437,NULL,NULL,NULL,NULL,NULL,NULL,NULL
438,438,NULL,NULL,NULL,NULL,NULL,NULL,NULL
439,439,NULL,NULL,NULL,NULL,NULL,NULL,NULL
440,440,NULL,NULL,NULL,NULL,NULL,NULL,NULL
441,441,NULL,NULL,NULL,workiva,NULL,NULL,NULL
442,442,NULL,NULL,NULL,NULL,NULL,NULL,NULL
443,443,NULL,NULL,NULL,hotblondiesbake,NULL,NULL,NULL
444,444,NULL,NULL,NULL,NULL,NULL,NULL,NULL
445,445,2122425300,"(212) 242-5300",NULL,NULL,NULL,NULL,NULL
446,446,NULL,NULL,NULL,NULL,NULL,NULL,NULL
447,447,NULL,NULL,NULL,NULL,NULL,NULL,NULL
448,448,5045254534,"(504) 525-4534",NULL,walgreens,205993086108906,NULL,"Walgreens Pharmacy at Tulane Medical Center"
449,449,NULL,NULL,NULL,NULL,NULL,NULL,NULL
450,450,NULL,NULL,NULL,NULL,NULL,NULL,NULL
451,451,NULL,NULL,NULL,NULL,NULL,NULL,NULL
452,452,NULL,NULL,NULL,NULL,NULL,NULL,NULL
453,453,5043723224,"(504) 372-3224",NULL,eltacoloconola,NULL,NULL,NULL
454,454,5045811600,"(504) 581-1600",NULL,holidayinn,116244318424653,holidayinnsuperdome,"Holiday Inn New Orleans-Downtown Superdome"
455,455,NULL,NULL,NULL,NULL,NULL,NULL,NULL
456,456,5043715800,"(504) 371-5800",NULL,choicehotels,1132553063608748,NULL,"The Marquee, Ascend Hotel Collection"
457,457,NULL,NULL,NULL,NULL,NULL,NULL,NULL
458,458,NULL,NULL,NULL,NULL,NULL,NULL,NULL
459,459,NULL,NULL,NULL,NULL,NULL,NULL,NULL
460,460,NULL,NULL,NULL,NULL,NULL,NULL,NULL
461,461,NULL,NULL,NULL,NULL,NULL,NULL,NULL
462,462,5049885194,"(504) 988-5194",NULL,NULL,NULL,NULL,NULL
463,463,5044592640,"(504) 459-2640",NULL,NULL,NULL,NULL,NULL
464,464,5043715800,"(504) 371-5800",NULL,NULL,NULL,NULL,NULL
465,465,NULL,NULL,NULL,NULL,NULL,NULL,NULL
466,466,5045255476,"(504) 525-5476",NULL,sppluscorp,135848877193116,SPPlusParking1504ClevelandAve,"SP+ Parking"
467,467,NULL,NULL,NULL,NULL,NULL,NULL,NULL
468,468,5049885263,"(504) 988-5263",NULL,NULL,NULL,NULL,NULL
469,469,5045655546,"(504) 565-5546",NULL,NULL,NULL,NULL,NULL
470,470,NULL,NULL,NULL,NULL,NULL,NULL,NULL
471,471,5045863003,"(504) 586-3003",NULL,NULL,NULL,NULL,NULL
472,472,NULL,NULL,NULL,NULL,NULL,NULL,NULL
473,473,NULL,NULL,NULL,NULL,NULL,NULL,NULL
474,474,NULL,NULL,NULL,NULL,NULL,NULL,NULL
475,475,NULL,NULL,NULL,NULL,NULL,NULL,NULL
476,476,NULL,NULL,NULL,NULL,NULL,NULL,NULL
477,477,NULL,NULL,NULL,NULL,NULL,NULL,NULL
478,478,5042483900,"(504) 248-3900",NULL,NULL,NULL,NULL,NULL
479,479,NULL,NULL,NULL,NULL,NULL,NULL,NULL
480,480,NULL,NULL,NULL,NULL,NULL,NULL,NULL
481,481,NULL,NULL,NULL,NULL,NULL,NULL,NULL
482,482,NULL,NULL,NULL,NULL,NULL,NULL,NULL
483,483,NULL,NULL,edisonespressoandtea,NULL,NULL,NULL,NULL
484,484,NULL,NULL,NULL,NULL,NULL,NULL,NULL
485,485,NULL,NULL,NULL,NULL,NULL,NULL,NULL
486,486,NULL,NULL,NULL,NULL,NULL,NULL,NULL
487,487,NULL,NULL,NULL,NULL,NULL,NULL,NULL
488,488,NULL,NULL,NULL,NULL,NULL,NULL,NULL
489,489,NULL,NULL,NULL,NULL,NULL,NULL,NULL
490,490,5049885263,"(504) 988-5263",NULL,NULL,NULL,NULL,NULL
491,491,NULL,NULL,NULL,NULL,NULL,NULL,NULL
492,492,NULL,NULL,NULL,NULL,NULL,NULL,NULL
493,493,NULL,NULL,NULL,NULL,NULL,NULL,NULL
494,494,NULL,NULL,NULL,NULL,NULL,NULL,NULL
495,495,5045660950,"(504) 566-0950",NULL,NULL,NULL,NULL,NULL
496,496,NULL,NULL,NULL,NULL,NULL,NULL,NULL
497,497,NULL,NULL,NULL,NULL,NULL,NULL,NULL
498,498,NULL,NULL,NULL,NULL,NULL,NULL,NULL
499,499,NULL,NULL,NULL,NULL,NULL,NULL,NULL
500,500,NULL,NULL,NULL,NULL,NULL,NULL,NULL
501,501,NULL,NULL,NULL,NULL,NULL,NULL,NULL
502,502,NULL,NULL,NULL,NULL,NULL,NULL,NULL
503,503,NULL,NULL,NULL,NULL,NULL,NULL,NULL
504,504,NULL,NULL,NULL,NULL,NULL,NULL,NULL
505,505,NULL,NULL,NULL,NULL,NULL,NULL,NULL
506,506,NULL,NULL,NULL,premiumparking,489696751056717,PremiumParkingService,"Premium Parking"
507,507,NULL,NULL,NULL,NULL,NULL,NULL,NULL
508,508,NULL,NULL,NULL,NULL,NULL,NULL,NULL
509,509,NULL,NULL,NULL,NULL,NULL,NULL,NULL
510,510,NULL,NULL,NULL,NULL,NULL,NULL,NULL
511,511,NULL,NULL,NULL,NULL,NULL,NULL,NULL
512,512,NULL,NULL,NULL,NULL,NULL,NULL,NULL
513,513,NULL,NULL,NULL,NULL,NULL,NULL,NULL
514,514,NULL,NULL,NULL,NULL,NULL,NULL,NULL
515,515,NULL,NULL,NULL,NULL,NULL,NULL,NULL
516,516,NULL,NULL,NULL,NULL,NULL,NULL,NULL
517,517,NULL,NULL,NULL,NULL,NULL,NULL,NULL
518,518,5042966322,"(504) 296-6322",NULL,burgersyaheard,NULL,NULL,NULL
519,519,NULL,NULL,NULL,NULL,NULL,NULL,NULL
520,520,NULL,NULL,NULL,NULL,NULL,NULL,NULL
521,521,NULL,NULL,NULL,NULL,NULL,NULL,NULL
522,522,NULL,NULL,NULL,NULL,NULL,NULL,NULL
523,523,NULL,NULL,NULL,NULL,NULL,NULL,NULL
524,524,5049886275,"(504) 988-6275",NULL,NULL,NULL,NULL,NULL
525,525,NULL,NULL,NULL,NULL,NULL,NULL,NULL
526,526,NULL,NULL,NULL,NULL,NULL,NULL,NULL
527,527,NULL,NULL,NULL,NULL,NULL,NULL,NULL
528,528,NULL,NULL,NULL,NULL,NULL,NULL,NULL
529,529,NULL,NULL,NULL,dirtydishesnola,NULL,NULL,NULL
530,530,NULL,NULL,NULL,NULL,NULL,NULL,NULL
531,531,NULL,NULL,NULL,NULL,NULL,NULL,NULL
532,532,NULL,NULL,NULL,NULL,NULL,NULL,NULL
533,533,5044166117,"(504) 416-6117",NULL,wowcafe,NULL,NULL,NULL
534,534,NULL,NULL,NULL,NULL,NULL,NULL,NULL
535,535,NULL,NULL,NULL,NULL,NULL,NULL,NULL
536,536,NULL,NULL,NULL,NULL,NULL,NULL,NULL
537,537,NULL,NULL,NULL,NULL,NULL,NULL,NULL
538,538,NULL,NULL,NULL,NULL,NULL,NULL,NULL
539,539,NULL,NULL,NULL,NULL,NULL,NULL,NULL
540,540,NULL,NULL,NULL,NULL,NULL,NULL,NULL
541,541,NULL,NULL,NULL,NULL,NULL,NULL,NULL
542,542,5045227191,"(504) 522-7191",NULL,NULL,NULL,NULL,NULL
543,543,NULL,NULL,NULL,NULL,NULL,NULL,NULL
544,544,5043764451,"(504) 376-4451",NULL,NULL,NULL,NULL,NULL
545,545,NULL,NULL,NULL,NULL,NULL,NULL,NULL
546,546,NULL,NULL,NULL,NULL,NULL,NULL,NULL
547,547,5045292120,"(504) 529-2120",NULL,NULL,NULL,NULL,NULL
548,548,5045687474,"(504) 568-7474",NULL,NULL,NULL,NULL,NULL
549,549,NULL,NULL,NULL,NULL,NULL,NULL,NULL
550,550,NULL,NULL,NULL,NULL,NULL,NULL,NULL
551,551,NULL,NULL,NULL,NULL,NULL,NULL,NULL
552,552,NULL,NULL,NULL,NULL,NULL,NULL,NULL
553,553,NULL,NULL,NULL,NULL,NULL,NULL,NULL
554,554,NULL,NULL,NULL,NULL,NULL,NULL,NULL
555,555,NULL,NULL,NULL,NULL,NULL,NULL,NULL
556,556,NULL,NULL,NULL,NULL,NULL,NULL,NULL
557,557,NULL,NULL,NULL,NULL,NULL,NULL,NULL
558,558,NULL,NULL,NULL,NULL,NULL,NULL,NULL
559,559,NULL,NULL,NULL,NULL,NULL,NULL,NULL
560,560,NULL,NULL,NULL,NULL,NULL,NULL,NULL
561,561,NULL,NULL,NULL,NULL,NULL,NULL,NULL
562,562,+34933233377,"+34 933 23 33 77",NULL,NULL,555900151525138,NULL,FisioEss?¨ncia
563,563,NULL,NULL,NULL,NULL,NULL,NULL,NULL
564,564,+34934939839,"+34 934 93 98 39",NULL,NULL,NULL,NULL,NULL
565,565,+34930077839,"+34 930 07 78 39",NULL,accesrestaurant,403370006465345,restaurantacces,"Restaurant Acc?©s"
566,566,+34936313716,"+34 936 31 37 16",NULL,NULL,239586023088984,haddock.barcelona,Haddock
567,567,+34931528832,"+34 931 52 88 32",ostajarestaurant,NULL,518667031940785,ostajarestaurant,Ostaja
568,568,NULL,NULL,NULL,NULL,NULL,NULL,NULL
569,569,NULL,NULL,NULL,NULL,NULL,NULL,NULL
570,570,NULL,NULL,NULL,NULL,NULL,NULL,NULL
571,571,NULL,NULL,NULL,NULL,NULL,NULL,NULL
572,572,NULL,NULL,NULL,NULL,NULL,NULL,NULL
573,573,+34934538218,"+34 934 53 82 18",NULL,NULL,NULL,NULL,NULL
574,574,NULL,NULL,NULL,popularresponde,167943169976580,grupobancopopular,"Grupo Banco Popular"
575,575,+34934534976,"+34 934 53 49 76",NULL,NULL,NULL,NULL,NULL
576,576,NULL,NULL,NULL,NULL,NULL,NULL,NULL
577,577,+34933721571,"+34 933 72 15 71",NULL,clipsproductos,NULL,NULL,NULL
578,578,NULL,NULL,NULL,NULL,NULL,NULL,NULL
579,579,NULL,NULL,NULL,NULL,NULL,NULL,NULL
580,580,NULL,NULL,NULL,NULL,NULL,NULL,NULL
581,581,+34931651010,"+34 931 65 10 10",NULL,NULL,NULL,NULL,NULL
582,582,+34933235811,"+34 933 23 58 11",NULL,viajes_iberia,NULL,NULL,NULL
583,583,NULL,NULL,NULL,NULL,NULL,NULL,NULL
584,584,+34900828410,"+34 900 828 410",NULL,NULL,NULL,NULL,NULL
585,585,NULL,NULL,NULL,NULL,NULL,NULL,NULL
586,586,NULL,NULL,NULL,NULL,NULL,NULL,NULL
587,587,NULL,NULL,NULL,NULL,NULL,NULL,NULL
588,588,NULL,NULL,NULL,NULL,NULL,NULL,NULL
589,589,NULL,NULL,NULL,NULL,NULL,NULL,NULL
590,590,+34934548304,"+34 934 54 83 04",NULL,NULL,NULL,NULL,NULL
591,591,NULL,NULL,NULL,NULL,NULL,NULL,NULL
592,592,NULL,NULL,NULL,NULL,NULL,NULL,NULL
593,593,+34935189548,"+34 935 18 95 48",NULL,cminspiredselec,NULL,NULL,NULL
594,594,+34934324314,"+34 934 32 43 14",NULL,NULL,NULL,NULL,NULL
595,595,NULL,NULL,NULL,NULL,NULL,NULL,NULL
596,596,NULL,NULL,NULL,NULL,NULL,NULL,NULL
597,597,+34932654326,"+34 932 65 43 26",NULL,NULL,NULL,NULL,NULL
598,598,NULL,NULL,NULL,NULL,NULL,NULL,NULL
599,599,+34934512816,"+34 934 51 28 16",NULL,NULL,NULL,NULL,NULL
600,600,NULL,NULL,NULL,NULL,NULL,NULL,NULL
601,601,NULL,NULL,NULL,NULL,NULL,NULL,NULL
602,602,NULL,NULL,NULL,NULL,NULL,NULL,NULL
603,603,NULL,NULL,NULL,NULL,NULL,NULL,NULL
604,604,NULL,NULL,NULL,NULL,NULL,NULL,NULL
605,605,NULL,NULL,NULL,NULL,NULL,NULL,NULL
606,606,NULL,NULL,NULL,NULL,NULL,NULL,NULL
607,607,+34934542550,"+34 934 54 25 50",NULL,NULL,NULL,NULL,NULL
608,608,NULL,NULL,NULL,NULL,NULL,NULL,NULL
609,609,+34934518376,"+34 934 51 83 76",NULL,NULL,NULL,NULL,NULL
610,610,NULL,NULL,NULL,NULL,NULL,NULL,NULL
611,611,NULL,NULL,NULL,NULL,NULL,NULL,NULL
612,612,NULL,NULL,NULL,NULL,NULL,NULL,NULL
613,613,NULL,NULL,NULL,NULL,NULL,NULL,NULL
614,614,+34936677646,"+34 936 67 76 46",NULL,4seasons_bcn,NULL,NULL,NULL
615,615,NULL,NULL,NULL,NULL,NULL,NULL,NULL
616,616,NULL,NULL,NULL,NULL,NULL,NULL,NULL
617,617,NULL,NULL,NULL,NULL,NULL,NULL,NULL
618,618,NULL,NULL,NULL,NULL,NULL,NULL,NULL
619,619,NULL,NULL,NULL,NULL,NULL,NULL,NULL
620,620,NULL,NULL,NULL,NULL,NULL,NULL,NULL
621,621,NULL,NULL,NULL,NULL,NULL,NULL,NULL
622,622,NULL,NULL,NULL,NULL,NULL,NULL,NULL
623,623,NULL,NULL,NULL,NULL,NULL,NULL,NULL
624,624,NULL,NULL,NULL,NULL,NULL,NULL,NULL
625,625,NULL,NULL,NULL,NULL,NULL,NULL,NULL
626,626,NULL,NULL,NULL,NULL,NULL,NULL,NULL
627,627,NULL,NULL,NULL,NULL,NULL,NULL,NULL
628,628,NULL,NULL,NULL,NULL,NULL,NULL,NULL
629,629,+34934521970,"+34 934 52 19 70",NULL,NULL,NULL,NULL,NULL
630,630,NULL,NULL,NULL,NULL,NULL,NULL,NULL
631,631,NULL,NULL,NULL,NULL,NULL,NULL,NULL
632,632,NULL,NULL,NULL,NULL,NULL,NULL,NULL
633,633,NULL,NULL,NULL,NULL,NULL,NULL,NULL
634,634,NULL,NULL,NULL,NULL,NULL,NULL,NULL
635,635,NULL,NULL,NULL,NULL,NULL,NULL,NULL
636,636,+34931862070,"+34 931 86 20 70",NULL,chkaribau,NULL,NULL,NULL
637,637,NULL,NULL,NULL,NULL,NULL,NULL,NULL
638,638,NULL,NULL,NULL,NULL,NULL,NULL,NULL
639,639,+306987501825,"+30 698 750 1825",NULL,NULL,1555688624661173,lohannightclub,"Lohan Nightclub"
640,640,NULL,NULL,NULL,NULL,NULL,NULL,NULL
641,641,NULL,NULL,NULL,NULL,NULL,NULL,NULL
642,642,NULL,NULL,NULL,NULL,NULL,NULL,NULL
643,643,+302103422290,"+30 21 0342 2290",NULL,blogicagr,130205070353567,Blogica,B-logica
644,644,+302103411000,"+30 21 0341 1000",NULL,voxlivestage,271579432867137,VOXofficialpage,"VOX - Official"
645,645,+302117108877,"+30 21 1710 8877",NULL,NULL,114423178650231,NULL,"Rakor Restaurant"
646,646,+302155506414,"+30 21 5550 6414",NULL,NULL,NULL,NULL,NULL
647,647,NULL,NULL,NULL,NULL,NULL,NULL,NULL
648,648,+302103425335,"+30 21 0342 5335",NULL,NULL,114402356636791,NULL,"Chez Lucien at Bios"
649,649,NULL,NULL,NULL,NULL,NULL,NULL,NULL
650,650,NULL,NULL,NULL,NULL,357005361084335,NULL,"Asian Taste"
651,651,+302103428272,"+30 21 0342 8272",NULL,NULL,127279197378963,IeraOdosofficial,"?™?µ??¬ ?????‚ / Iera Odos - Official"
652,652,+306989211262,"+30 698 921 1262",NULL,NULL,NULL,NULL,NULL
653,653,+302103412413,"+30 21 0341 2413",NULL,NULL,399468136862148,NULL,"Favela cafe ???µ?¶?µ?????€?‰?»?µ????"
654,654,+302103417204,"+30 21 0341 7204",NULL,NULL,113179550064100,crusteria,Crusteria
655,655,+302103410445,"+30 21 0341 0445",NULL,NULL,392006027550233,afrikana.athens,Afrikana
656,656,+302103417300,"+30 21 0341 7300",NULL,NULL,298730450139381,ACROofficial,"ACRO - Official"
657,657,+302289200000,"+30 2289 200000",NULL,NULL,1681828525373556,privilegeathens,"Privilege Athens"
658,658,+302103428055,"+30 21 0342 8055",NULL,NULL,NULL,NULL,NULL
659,659,+302103469559,"+30 21 0346 9559",NULL,NULL,NULL,NULL,NULL
660,660,+302103008570,"+30 21 0300 8570",NULL,NULL,229290317481894,HolyMolyAthens,"Holy Moly - Coffee & Burgers"
661,661,NULL,NULL,NULL,NULL,NULL,NULL,NULL
662,662,NULL,NULL,NULL,NULL,NULL,NULL,NULL
663,663,NULL,NULL,NULL,NULL,NULL,NULL,NULL
664,664,NULL,NULL,NULL,NULL,NULL,NULL,NULL
665,665,NULL,NULL,NULL,NULL,NULL,NULL,NULL
666,666,NULL,NULL,NULL,NULL,NULL,NULL,NULL
667,667,NULL,NULL,NULL,NULL,NULL,NULL,NULL
668,668,NULL,NULL,NULL,NULL,NULL,NULL,NULL
669,669,NULL,NULL,NULL,NULL,NULL,NULL,NULL
670,670,NULL,NULL,NULL,NULL,NULL,NULL,NULL
671,671,NULL,NULL,NULL,NULL,NULL,NULL,NULL
672,672,NULL,NULL,NULL,NULL,NULL,NULL,NULL
673,673,NULL,NULL,NULL,NULL,NULL,NULL,NULL
674,674,NULL,NULL,NULL,NULL,NULL,NULL,NULL
675,675,NULL,NULL,NULL,NULL,NULL,NULL,NULL
676,676,NULL,NULL,NULL,NULL,NULL,NULL,NULL
677,677,+302103424368,"+30 21 0342 4368",NULL,NULL,10375168037,annavissilive,"Anna Vissi / ?†?½?½?± ?’???ƒ?ƒ?·"
678,678,+302103422802,"+30 21 0342 2802",NULL,NULL,NULL,NULL,NULL
679,679,+302109248996,"+30 21 0924 8996",NULL,NULL,100002126702864,NULL,NULL
680,680,"068 27 45 45","068 27 45 45",NULL,citroenbelux,NULL,NULL,NULL
681,681,NULL,NULL,NULL,NULL,NULL,NULL,NULL
682,682,NULL,NULL,NULL,NULL,NULL,NULL,NULL
683,683,+302103411610,"+30 21 0341 1610",NULL,NULL,NULL,NULL,NULL
684,684,NULL,NULL,NULL,NULL,NULL,NULL,NULL
685,685,NULL,NULL,NULL,NULL,NULL,NULL,NULL
686,686,NULL,NULL,NULL,NULL,NULL,NULL,NULL
687,687,NULL,NULL,NULL,NULL,NULL,NULL,NULL
688,688,NULL,NULL,NULL,NULL,NULL,NULL,NULL
689,689,+302103411610,"+30 21 0341 1610",NULL,NULL,NULL,NULL,NULL
690,690,NULL,NULL,NULL,NULL,NULL,NULL,NULL
691,691,NULL,NULL,NULL,NULL,NULL,NULL,NULL
692,692,NULL,NULL,NULL,NULL,NULL,NULL,NULL
693,693,NULL,NULL,NULL,NULL,NULL,NULL,NULL
694,694,NULL,NULL,NULL,NULL,NULL,NULL,NULL
695,695,NULL,NULL,NULL,NULL,NULL,NULL,NULL
696,696,NULL,NULL,NULL,NULL,NULL,NULL,NULL
697,697,NULL,NULL,NULL,NULL,NULL,NULL,NULL
698,698,+302103471841,"+30 21 0347 1841",NULL,NULL,451658455294969,kappa.kerameikos,??¬?€?€?±
699,699,NULL,NULL,NULL,NULL,NULL,NULL,NULL
700,700,NULL,NULL,NULL,NULL,NULL,NULL,NULL
701,701,+302107708850,"+30 21 0770 8850",NULL,cigaraccessorie,NULL,NULL,NULL
702,702,NULL,NULL,NULL,NULL,NULL,NULL,NULL
703,703,+306932312920,"+30 693 231 2920",NULL,onlinetravelsh,NULL,NULL,NULL
704,704,+307063531099,"+30 70 6353 1099",NULL,custom_mobility,NULL,NULL,NULL
705,705,NULL,NULL,NULL,NULL,NULL,NULL,NULL
706,706,NULL,NULL,NULL,NULL,NULL,NULL,NULL
707,707,NULL,NULL,NULL,NULL,NULL,NULL,NULL
708,708,+302130315514,"+30 21 3031 5514",NULL,NULL,NULL,NULL,NULL
709,709,NULL,NULL,NULL,NULL,NULL,NULL,NULL
710,710,NULL,NULL,NULL,NULL,NULL,NULL,NULL
711,711,NULL,NULL,NULL,NULL,NULL,NULL,NULL
712,712,+302130301210,"+30 21 3030 1210",NULL,NULL,657600584263923,athenskorova,Korova
713,713,+302103425335,"+30 21 0342 5335",NULL,NULL,141913793228632,beefatbios,"BEEF at Bios"
714,714,NULL,NULL,NULL,NULL,NULL,NULL,NULL
715,715,+302103425335,"+30 21 0342 5335",NULL,NULL,141913793228632,bioshomekitchen,"Bios Home Kitchen"
716,716,NULL,NULL,NULL,NULL,NULL,NULL,NULL
717,717,NULL,NULL,NULL,NULL,NULL,NULL,NULL
718,718,+302103464223,"+30 21 0346 4223",NULL,NULL,141395355984523,KerameioBar,"??µ??±???µ???? BAR"
719,719,NULL,NULL,NULL,NULL,NULL,NULL,NULL
720,720,NULL,NULL,NULL,NULL,NULL,NULL,NULL
721,721,NULL,NULL,NULL,NULL,NULL,NULL,NULL
722,722,NULL,NULL,NULL,NULL,NULL,NULL,NULL
723,723,NULL,NULL,NULL,NULL,NULL,NULL,NULL
724,724,NULL,NULL,NULL,NULL,NULL,NULL,NULL
725,725,+302103246856,"+30 21 0324 6856",NULL,NULL,NULL,NULL,NULL
726,726,+302103464899,"+30 21 0346 4899",james_bar_kerameikos,NULL,511187839043949,NULL,"James bar kerameikos"
727,727,+302103422886,"+30 21 0342 2886",NULL,NULL,136341946464643,pinelopikaimnistires,"PINELOPI - MNISTIRES  (  ? ?—??•?›?? ?— ??‘?™ ???—?£?¤?—???•?£ )"
728,728,+302103476926,"+30 21 0347 6926",NULL,NULL,477011455733936,NULL,"?›????·?‚ ???±?†?µ?½?µ????."
729,729,+302130185050,"+30 21 3018 5050",NULL,NULL,453715054706997,XanaZooKidsClub,"XANA ZOO Kids Club"
730,730,NULL,NULL,NULL,NULL,NULL,NULL,NULL
731,731,NULL,NULL,NULL,NULL,NULL,NULL,NULL
732,732,NULL,NULL,NULL,NULL,1538390013101022,kafenes.sabir,Sabir
733,733,NULL,NULL,NULL,NULL,NULL,NULL,NULL
734,734,+302103425335,"+30 21 0342 5335",NULL,biosathens,113635776790,NULL,"BIOS exploring urban culture"
735,735,NULL,NULL,NULL,NULL,NULL,NULL,NULL
736,736,+302103420923,"+30 21 0342 0923",NULL,NULL,NULL,NULL,NULL
737,737,NULL,NULL,NULL,NULL,NULL,NULL,NULL
738,738,+302105231060,"+30 21 0523 1060",NULL,NULL,NULL,NULL,NULL
739,739,NULL,NULL,NULL,NULL,NULL,NULL,NULL
740,740,+302103463133,"+30 21 0346 3133",NULL,NULL,NULL,NULL,NULL
741,741,+302103411045,"+30 21 0341 1045",NULL,NULL,NULL,NULL,NULL
742,742,+302109210444,"+30 21 0921 0444",NULL,the_side_effex,NULL,NULL,NULL
743,743,NULL,NULL,NULL,NULL,NULL,NULL,NULL
744,744,NULL,NULL,NULL,NULL,NULL,NULL,NULL
745,745,+302130185190,"+30 21 3018 5190",NULL,NULL,NULL,NULL,NULL
746,746,NULL,NULL,NULL,NULL,NULL,NULL,NULL
747,747,NULL,NULL,NULL,NULL,NULL,NULL,NULL
748,748,NULL,NULL,NULL,NULL,NULL,NULL,NULL
749,749,NULL,NULL,NULL,NULL,NULL,NULL,NULL
750,750,NULL,NULL,NULL,NULL,NULL,NULL,NULL
751,751,NULL,NULL,NULL,NULL,NULL,NULL,NULL
752,752,NULL,NULL,NULL,NULL,NULL,NULL,NULL
753,753,NULL,NULL,NULL,NULL,NULL,NULL,NULL
754,754,NULL,NULL,NULL,NULL,NULL,NULL,NULL
755,755,NULL,NULL,NULL,NULL,NULL,NULL,NULL
756,756,NULL,NULL,NULL,NULL,NULL,NULL,NULL
757,757,NULL,NULL,NULL,NULL,NULL,NULL,NULL
