id,venue_id,status,open,day,isOpen
1,1,Open,"24 Hours",Mon–Sun,1
2,2,"Temporarily closed",NULL,Mon–Sun,1
3,5,"Open until 12:50 AM","6:30 AM–12:46 AM",Sun,1
4,6,"Open until 12:50 AM","6:30 AM–12:46 AM",Sun,1
5,7,"Open until 9:00 PM","10:00 AM–9:00 PM",Fri,1
6,8,"Open until 9:00 PM","11:00 AM–7:00 PM",Sun,1
7,11,"Closed until 11:00 PM","10:30 PM–5:15 AM",Sat,1
8,12,"Open until 9:00 PM","11:00 AM–3:00 PM",Sun,1
9,14,"Open until 9:00 PM","10:00 AM–9:00 PM",Thu–Fri,1
10,15,Open,"24 Hours",Mon–Sun,1
11,18,Open,"24 Hours",Mon–Sun,1
12,19,Open,"24 Hours",Mon–Sun,1
13,21,Open,"24 Hours",Mon–Sun,1
14,22,"Open until 7:00 PM","10:00 AM–6:00 PM",Sat–Sun,1
15,24,"Open until 9:00 PM","9:00 AM–9:00 PM",Mon–Sun,1
16,25,"Open until 11:00 PM","6:00 AM–11:00 PM",Mon–Sun,1
17,27,Open,"24 Hours",Mon–Sun,1
18,28,"Open until Midnight","7:00 AM–Midnight",Mon–Sun,1
19,29,"Open until 11:00 PM","11:30 AM–11:00 PM",Mon–Sun,1
20,30,"Open until 10:00 PM","11:00 AM–11:00 PM",Fri–Sat,1
21,37,"Closed until Noon","Noon–10:00 PM",Mon–Sun,1
22,38,"Closed until Noon","Noon–11:00 PM",Sat–Sun,1
23,41,"Open until Midnight","11:30 AM–1:00 AM",Fri–Sat,1
24,42,"Closed until Noon",Noon–Midnight,Mon–Sun,1
25,44,"Closed until 11:00 AM tomorrow","11:30 AM–11:00 PM",Sat,1
26,47,Open,"24 Hours",Mon–Sun,1
27,50,"Closed until Noon",Noon–Midnight,Mon–Sun,1
28,51,"Closed until 10:00 AM tomorrow","10:00 AM–6:00 PM",Mon–Fri,1
29,55,"Closed until 8:00 AM tomorrow","8:00 AM–8:00 PM",Mon–Sat,1
30,72,"Closed until 7:00 PM","7:00 PM–1:00 AM",Wed–Sun,1
31,74,"Closed until 11:30 AM tomorrow","11:30 AM–6:00 PM",Mon–Fri,1
32,75,"Closed until 4:00 PM","4:00 PM–11:00 PM",Sun,1
33,78,"Closed until Noon tomorrow","Noon–7:00 PM",Sat,1
34,83,"Closed until 9:00 PM Wednesday","9:00 PM–5:00 AM",Fri–Sat,1
35,85,Open,"24 Hours",Mon–Sun,1
36,87,"Closed until 9:00 AM tomorrow","9:00 AM–7:00 PM",Mon–Fri,1
37,88,"Closed until 9:30 AM tomorrow","9:30 AM–8:00 PM",Mon–Sat,1
38,90,"Closed until 2:00 PM tomorrow","Noon–7:00 PM",Sat,1
39,93,"Open until 10:00 PM","7:00 AM–10:00 PM",Wed–Sun,1
40,96,"Closed until Noon tomorrow","Noon–9:00 PM",Mon–Sat,1
41,124,"Closed until Noon tomorrow","Noon–7:00 PM",Mon–Sat,1
42,138,"Closed until Noon tomorrow","Noon–7:00 PM",Mon–Sat,1
43,154,"Open until 9:00 PM","9:00 AM–9:00 PM",Mon–Sun,1
44,156,"Open until 2:30 PM","9:00 AM–2:30 PM",Sun,1
45,157,"Closed until 1:30 PM Tuesday","8:30 PM–10:00 PM",Tue–Sat,1
46,159,"Open until Noon","1:00 PM–Noon",Mon–Sun,1
47,160,"Open until 4:00 PM","10:00 AM–4:00 PM",Sun,1
48,165,"Closed until 6:00 PM","6:00 PM–Midnight",Fri–Sat,1
49,173,"Closed until 9:00 AM tomorrow","9:00 AM–2:00 PM",Sat,1
50,191,"Closed until 8:00 AM","8:00 AM–7:00 PM",Fri,1
51,195,"Closed until Noon","11:00 AM–6:00 PM",Tue–Sat,1
52,197,Open,"24 Hours",Mon–Sun,1
53,201,"Closed until 10:00 AM","10:00 AM–10:00 PM",Mon–Sun,1
54,203,"Closed until 11:30 AM tomorrow","11:30 AM–6:00 PM",Tue–Sat,1
55,207,"Closed until 10:00 AM","10:00 AM–3:00 AM",Fri–Sat,1
56,208,"Closed until 9:30 AM","9:30 AM–6:00 PM",Mon–Fri,1
57,209,"Closed until 8:00 AM","9:00 AM–6:00 PM",Sat,1
58,210,"Closed until 10:00 AM","10:00 AM–10:00 PM",Mon–Sun,1
59,220,"Closed until 8:00 AM","8:00 AM–6:30 PM",Fri,1
60,230,"Closed until Noon","6:00 PM–10:00 PM",Mon–Sun,1
61,231,"Closed until 11:00 AM","11:00 AM–10:00 PM",Mon–Sun,1
62,254,"Closed until 8:00 AM","8:00 AM–11:30 PM",Mon–Sun,1
63,255,"Closed until 11:00 AM","4:00 PM–10:30 PM",Sun,1
64,256,"Closed until 9:00 AM","9:00 AM–7:00 PM",Mon–Sun,1
65,262,"Closed until 11:00 AM","Noon–7:00 PM",Sun,1
66,316,"Open until 9:00 PM","8:00 AM–8:00 PM",Sun,1
67,319,Open,"24 Hours",Mon–Sun,1
68,321,"Open until 9:00 PM","8:00 AM–9:00 PM",Mon–Sun,1
69,322,"Open until 6:00 PM","8:00 AM–6:00 PM",Sun,1
70,323,"Open until 9:00 PM","11:00 AM–9:00 PM",Mon–Sat,1
71,324,"Open until 11:30 PM","11:00 AM–11:30 PM",Sat–Sun,1
72,325,"Open until 7:00 PM","8:00 AM–6:00 PM",Sat–Sun,1
73,326,"Open until 8:30 PM","8:00 AM–7:30 PM",Fri,1
74,327,"Open until 10:00 PM","10:00 AM–6:00 PM",Sun,1
75,328,"Open until 8:00 PM","Noon–8:00 PM",Sun,1
76,329,"Open until 9:00 PM","10:00 AM–7:00 PM",Sun,1
77,332,"Open until 9:00 PM","6:00 AM–9:00 PM",Mon–Fri,1
78,333,"Open until 11:00 PM","10:00 AM–10:00 PM",Sun,1
79,334,"Open until 9:30 PM","9:15 AM–2:00 PM",Sat–Sun,1
80,337,"Open until 8:00 PM","10:00 AM–8:00 PM",Mon–Sun,1
81,338,Open,"24 Hours",Mon–Sun,1
82,341,"Open until 10:00 PM","11:00 AM–10:00 PM",Mon–Sun,1
83,343,"Open until 10:30 PM","11:00 AM–10:30 PM",Sat,1
84,346,"Open until 11:00 PM","10:00 AM–11:00 PM",Mon–Sun,1
85,347,"Open until 8:00 PM","10:00 AM–6:00 PM",Sun,1
86,448,"Open until 6:00 PM","9:00 AM–6:00 PM",Mon–Fri,1
87,453,"Open until 9:00 PM","10:00 AM–9:00 PM",Mon–Sun,1
88,454,Open,"24 Hours",Mon–Sun,1
89,456,Open,"24 Hours",Mon–Sun,1
90,458,Open,"24 Hours",Mon–Sun,1
91,462,"Open until 6:00 PM","7:00 AM–2:00 PM",Fri,1
92,463,"Open until 8:00 PM","Noon–6:00 PM",Sun,1
93,464,"Open until 5:00 PM","10:00 AM–4:00 PM",Sat,1
94,466,Open,"24 Hours",Mon–Sun,1
95,468,Open,"24 Hours",Mon–Sun,1
96,469,"Open until 7:00 PM","7:00 AM–7:00 PM",Mon–Fri,1
97,470,"Open until 9:00 PM","8:00 AM–10:00 PM",Fri–Sat,1
98,471,"Open until 5:30 PM","10:00 AM–5:30 PM",Mon–Fri,1
99,490,Open,"24 Hours",Mon–Sun,1
100,562,"Closed until 10:00 AM","10:00 AM–8:00 PM",Mon–Fri,1
101,565,"Closed until 8:00 PM","8:00 PM–Midnight",Mon–Sat,1
102,566,"Closed until 11:00 AM","11:00 AM–2:00 AM",Mon–Sat,1
103,567,"Closed until 1:00 PM","7:30 PM–11:00 PM",Sun,1
104,581,"Open until 7:00 PM","8:00 AM–7:00 PM",Mon–Sat,1
105,636,"Closed until 10:30 AM","4:30 PM–10:00 PM",Fri–Sat,1
106,643,"Closed until 9:00 AM","9:00 AM–5:00 PM",Mon–Fri,1
107,645,"Closed until 2:00 PM","1:00 PM–7:00 PM",Sun,1
108,650,"Open until 1:00 AM","5:00 PM–2:00 AM",Fri–Sat,1
109,653,"Open until 3:00 AM","12:30 PM–3:00 AM",Mon–Sun,1
110,654,"Closed until 6:00 AM","1:00 PM–1:00 AM",Sat–Sun,1
111,655,"Open until 3:00 AM","7:30 PM–2:30 AM",Sun,1
112,677,"Closed until 10:00 PM","10:00 PM–6:00 AM",Thu–Sat,1
113,678,"Open until 8:00 PM","9:30 AM–8:00 PM",Tue–Sat,1
114,679,"Open until 8:00 PM","10:00 AM–8:00 PM","Tue, Thu–Fri",1
115,712,"Open until 11:59 PM","10:00 AM–11:59 PM",Mon–Sun,1
116,713,"Closed until 7:00 PM","1:00 PM–1:00 AM",Sat–Sun,1
117,715,"Closed until 7:00 PM","1:00 PM–1:00 AM",Sun,1
118,727,"Closed until 8:30 PM","4:00 PM–3:30 AM",Sun,1
119,731,"Closed until 7:00 AM Tuesday","7:00 AM–3:00 PM",Tue,1
120,732,"Closed until 3:00 PM","1:00 PM–2:00 AM",Sat–Sun,1
121,734,"Closed until 6:00 PM","11:00 AM–3:00 AM",Sat–Sun,1
