id,parent_category_id,api_id,name,pluralName,shortName
1,NULL,4d4b7104d754a06370d81259,"Arts & Entertainment","Arts & Entertainment","Arts & Entertainment"
2,1,56aa371be4b08b9a8d5734db,Amphitheater,Amphitheaters,Amphitheater
3,1,4fceea171983d5d06c3e9823,Aquarium,Aquariums,Aquarium
4,1,4bf58dd8d48988d1e1931735,Arcade,Arcades,Arcade
5,1,4bf58dd8d48988d1e2931735,"Art Gallery","Art Galleries","Art Gallery"
6,1,4bf58dd8d48988d1e4931735,"Bowling Alley","Bowling Alleys","Bowling Alley"
7,1,4bf58dd8d48988d17c941735,Casino,Casinos,Casino
8,1,52e81612bcbc57f1066b79e7,Circus,Circuses,Circus
9,1,4bf58dd8d48988d18e941735,"Comedy Club","Comedy Clubs","Comedy Club"
10,1,5032792091d4c4b30a586d5c,"Concert Hall","Concert Halls","Concert Hall"
11,1,52e81612bcbc57f1066b79ef,"Country Dance Club","Country Dance Clubs","Country Dance Club"
12,1,52e81612bcbc57f1066b79e8,"Disc Golf","Disc Golf Courses","Disc Golf"
13,1,5f2c2834b6d05514c704451e,"Escape Room","Escape Rooms","Escape Room"
14,1,56aa371be4b08b9a8d573532,Exhibit,Exhibits,Exhibit
15,1,4bf58dd8d48988d1f1931735,"General Entertainment","General Entertainment",Entertainment
16,1,52e81612bcbc57f1066b79ea,"Go Kart Track","Go Kart Tracks","Go Kart"
17,1,4deefb944765f83613cdba6e,"Historic Site","Historic Sites","Historic Site"
18,1,5744ccdfe4b0c0459246b4bb,"Karaoke Box","Karaoke Boxes",Karaoke
19,1,52e81612bcbc57f1066b79e6,"Laser Tag","Laser Tag Places","Laser Tag"
20,1,5642206c498e4bfca532186c,"Memorial Site","Memorial Sites","Memorial Site"
21,1,52e81612bcbc57f1066b79eb,"Mini Golf","Mini Golf Courses","Mini Golf"
22,1,4bf58dd8d48988d17f941735,"Movie Theater","Movie Theaters","Movie Theater"
23,22,56aa371be4b08b9a8d5734de,"Drive-in Theater","Drive-in Theaters","Drive-in Theater"
24,22,4bf58dd8d48988d17e941735,"Indie Movie Theater","Indie Movie Theaters","Indie Movies"
25,22,4bf58dd8d48988d180941735,Multiplex,Multiplexes,Cineplex
26,1,4bf58dd8d48988d181941735,Museum,Museums,Museum
27,26,4bf58dd8d48988d18f941735,"Art Museum","Art Museums","Art Museum"
28,26,559acbe0498e472f1a53fa23,"Erotic Museum","Erotic Museums","Erotic Museum"
29,26,4bf58dd8d48988d190941735,"History Museum","History Museums","History Museum"
30,26,4bf58dd8d48988d192941735,Planetarium,Planetariums,Planetarium
31,26,4bf58dd8d48988d191941735,"Science Museum","Science Museums","Science Museum"
32,1,4bf58dd8d48988d1e5931735,"Music Venue","Music Venues","Music Venue"
33,32,4bf58dd8d48988d1e7931735,"Jazz Club","Jazz Clubs","Jazz Club"
34,32,4bf58dd8d48988d1e8931735,"Piano Bar","Piano Bars","Piano Bar"
35,32,4bf58dd8d48988d1e9931735,"Rock Club","Rock Clubs","Rock Club"
36,1,5744ccdfe4b0c0459246b4b8,"Pachinko Parlor","Pachinko Parlors","Pachinko Parlor"
37,1,4bf58dd8d48988d1f2931735,"Performing Arts Venue","Performing Arts Venues","Performing Arts"
38,37,4bf58dd8d48988d134941735,"Dance Studio","Dance Studios","Dance Studio"
39,37,4bf58dd8d48988d135941735,"Indie Theater","Indie Theaters",Indie
40,37,4bf58dd8d48988d136941735,"Opera House","Opera Houses","Opera House"
41,37,4bf58dd8d48988d137941735,Theater,Theaters,Theater
42,1,4bf58dd8d48988d1e3931735,"Pool Hall","Pool Halls",Billiards
43,1,507c8c4091d498d9fc8c67a9,"Public Art","Public Art","Public Art"
44,43,52e81612bcbc57f1066b79ed,"Outdoor Sculpture","Outdoor Sculptures","Outdoor Sculpture"
45,43,52e81612bcbc57f1066b79ee,"Street Art","Street Art Installations","Street Art"
46,1,56aa371be4b08b9a8d573514,Racecourse,Racecourses,Racecourse
47,1,4bf58dd8d48988d1f4931735,Racetrack,Racetracks,Racetrack
48,1,52e81612bcbc57f1066b79e9,"Roller Rink","Roller Rinks","Roller Rink"
49,1,52e81612bcbc57f1066b79ec,"Salsa Club","Salsa Clubs","Salsa Club"
50,1,56aa371be4b08b9a8d5734f9,"Samba School","Samba Schools","Samba School"
51,1,4bf58dd8d48988d184941735,Stadium,Stadiums,Stadium
52,51,4bf58dd8d48988d18c941735,"Baseball Stadium","Baseball Stadiums",Baseball
53,51,4bf58dd8d48988d18b941735,"Basketball Stadium","Basketball Stadiums",Basketball
54,51,4bf58dd8d48988d18a941735,"Cricket Ground","Cricket Grounds",Cricket
55,51,4bf58dd8d48988d189941735,"Football Stadium","Football Stadiums",Football
56,51,4bf58dd8d48988d185941735,"Hockey Arena","Hockey Arenas",Hockey
57,51,56aa371be4b08b9a8d573556,"Rugby Stadium","Rugby Stadiums",Rugby
58,51,4bf58dd8d48988d188941735,"Soccer Stadium","Soccer Stadiums",Soccer
59,51,4e39a891bd410d7aed40cbc2,"Tennis Stadium","Tennis Stadiums",Tennis
60,51,4bf58dd8d48988d187941735,"Track Stadium","Track Stadiums",Track
61,1,4bf58dd8d48988d182941735,"Theme Park","Theme Parks","Theme Park"
62,61,5109983191d435c0d71c2bb1,"Theme Park Ride / Attraction","Theme Park Rides/Attractions","Theme Park"
63,1,56aa371be4b08b9a8d573520,"Tour Provider","Tour Providers","Tour Provider"
64,1,5f2c14a5b6d05514c7042eb7,"VR Cafe","VR Cafe","VR Cafe"
65,1,4bf58dd8d48988d193941735,"Water Park","Water Parks","Water Park"
66,1,4bf58dd8d48988d17b941735,Zoo,Zoos,Zoo
67,66,58daa1558bbb0b01f18ec1fd,"Zoo Exhibit","Zoo Exhibits","Zoo Exhibit"
68,NULL,4d4b7105d754a06372d81259,"College & University","Colleges & Universities","College & Education"
69,68,4bf58dd8d48988d198941735,"College Academic Building","College Academic Buildings","Academic Building"
70,69,4bf58dd8d48988d199941735,"College Arts Building","College Arts Buildings",Arts
71,69,4bf58dd8d48988d19a941735,"College Communications Building","College Communications Buildings",Communications
72,69,4bf58dd8d48988d19e941735,"College Engineering Building","College Engineering Buildings",Engineering
73,69,4bf58dd8d48988d19d941735,"College History Building","College History Buildings",History
74,69,4bf58dd8d48988d19c941735,"College Math Building","College Math Buildings",Math
75,69,4bf58dd8d48988d19b941735,"College Science Building","College Science Buildings",Science
76,69,4bf58dd8d48988d19f941735,"College Technology Building","College Technology Buildings",Technology
77,68,4bf58dd8d48988d197941735,"College Administrative Building","College Administrative Buildings","Administrative Building"
78,68,4bf58dd8d48988d1af941735,"College Auditorium","College Auditoriums",Auditorium
79,68,4bf58dd8d48988d1b1941735,"College Bookstore","College Bookstores","College Bookstore"
80,68,4bf58dd8d48988d1a1941735,"College Cafeteria","College Cafeterias",Cafeteria
81,68,4bf58dd8d48988d1a0941735,"College Classroom","College Classrooms",Classroom
82,68,4bf58dd8d48988d1b2941735,"College Gym","College Gyms",Gym
83,68,4bf58dd8d48988d1a5941735,"College Lab","College Labs",Lab
84,68,4bf58dd8d48988d1a7941735,"College Library","College Libraries",Library
85,68,4bf58dd8d48988d1aa941735,"College Quad","College Quads",Quad
86,68,4bf58dd8d48988d1a9941735,"College Rec Center","College Rec Centers","Rec Center"
87,68,4bf58dd8d48988d1a3941735,"College Residence Hall","College Residence Halls","Residence Hall"
88,68,4bf58dd8d48988d1b4941735,"College Stadium","College Stadiums",Stadium
89,88,4bf58dd8d48988d1bb941735,"College Baseball Diamond","College Baseball Diamonds",Baseball
90,88,4bf58dd8d48988d1ba941735,"College Basketball Court","College Basketball Courts",Basketball
91,88,4bf58dd8d48988d1b9941735,"College Cricket Pitch","College Cricket Pitches",Cricket
92,88,4bf58dd8d48988d1b8941735,"College Football Field","College Football Fields",Football
93,88,4bf58dd8d48988d1b5941735,"College Hockey Rink","College Hockey Rinks",Hockey
94,88,4bf58dd8d48988d1b7941735,"College Soccer Field","College Soccer Fields",Soccer
95,88,4e39a9cebd410d7aed40cbc4,"College Tennis Court","College Tennis Courts","Tennis Court"
96,88,4bf58dd8d48988d1b6941735,"College Track","College Tracks",Track
97,68,4bf58dd8d48988d1ac941735,"College Theater","College Theaters",Theater
98,68,4bf58dd8d48988d1a2941735,"Community College","Community Colleges","Community College"
99,68,4bf58dd8d48988d1b0941735,"Fraternity House","Fraternity Houses","Frat House"
100,68,4bf58dd8d48988d1a8941735,"General College & University","General Colleges & Universities",Education
101,68,4bf58dd8d48988d1a6941735,"Law School","Law Schools","Law School"
102,68,4bf58dd8d48988d1b3941735,"Medical School","Medical Schools","Medical School"
103,68,4bf58dd8d48988d141941735,"Sorority House","Sorority Houses","Sorority House"
104,68,4bf58dd8d48988d1ab941735,"Student Center","Student Centers","Student Center"
105,68,4bf58dd8d48988d1ad941735,"Trade School","Trade Schools","Trade School"
106,68,4bf58dd8d48988d1ae941735,University,Universities,University
107,NULL,4d4b7105d754a06373d81259,Event,Events,Event
108,107,52f2ab2ebcbc57f1066b8b3b,"Christmas Market","Christmas Markets","Christmas Market"
109,107,5267e4d9e4b0ec79466e48c6,Conference,Conferences,Conference
110,107,5267e4d9e4b0ec79466e48c9,Convention,Conventions,Convention
111,107,5267e4d9e4b0ec79466e48c7,Festival,Festivals,Festival
112,107,58daa1558bbb0b01f18ec1fa,"Line / Queue","Lines / Queues","Line / Queue"
113,107,5267e4d9e4b0ec79466e48d1,"Music Festival","Music Festivals","Music Festival"
114,107,5267e4d9e4b0ec79466e48c8,"Other Event","Other Events","Other Event"
115,107,52741d85e4b0d5d1e3c6a6d9,Parade,Parades,Parade
116,107,5bae9231bedf3950379f89c5,"Sporting Event","Sporting Events","Sporting Event"
117,107,52f2ab2ebcbc57f1066b8b54,"Stoop Sale","Stoop Sales","Stoop Sale"
118,107,5267e4d8e4b0ec79466e48c5,"Street Fair","Street Fairs",Fair
119,107,5bae9231bedf3950379f89c3,"Trade Fair","Trade Fairs","Trade Fair"
120,NULL,4d4b7105d754a06374d81259,Food,Food,Food
121,120,503288ae91d4c4b30a586d67,"Afghan Restaurant","Afghan Restaurants",Afghan
122,120,4bf58dd8d48988d1c8941735,"African Restaurant","African Restaurants",African
123,122,4bf58dd8d48988d10a941735,"Ethiopian Restaurant","Ethiopian Restaurants",Ethiopian
124,122,5f2c344a5b4c177b9a6dc011,"Mauritian Restaurant","Mauritian Restaurants",Mauritian
125,120,4bf58dd8d48988d14e941735,"American Restaurant","American Restaurants",American
126,125,4bf58dd8d48988d157941735,"New American Restaurant","New American Restaurants","New American"
127,120,5f2c2b7db6d05514c7044837,"Armenian Restaurant","Armenian Restaurants",Armenian
128,120,4bf58dd8d48988d142941735,"Asian Restaurant","Asian Restaurants",Asian
129,128,56aa371be4b08b9a8d573568,"Burmese Restaurant","Burmese Restaurants",Burmese
130,128,52e81612bcbc57f1066b7a03,"Cambodian Restaurant","Cambodian Restaurants",Cambodian
131,128,4bf58dd8d48988d145941735,"Chinese Restaurant","Chinese Restaurants",Chinese
132,131,52af3a5e3cf9994f4e043bea,"Anhui Restaurant","Anhui Restaurants",Anhui
133,131,52af3a723cf9994f4e043bec,"Beijing Restaurant","Beijing Restaurants",Beijing
134,131,52af3a7c3cf9994f4e043bed,"Cantonese Restaurant","Cantonese Restaurants",Cantonese
135,131,58daa1558bbb0b01f18ec1d3,"Cha Chaan Teng","Cha Chaan Tengs","Cha Chaan Teng"
136,131,52af3a673cf9994f4e043beb,"Chinese Aristocrat Restaurant","Chinese Aristocrat Restaurants",Aristocrat
137,131,52af3a903cf9994f4e043bee,"Chinese Breakfast Place","Chinese Breakfast Places","Chinese Breakfast"
138,131,4bf58dd8d48988d1f5931735,"Dim Sum Restaurant","Dim Sum Restaurants","Dim Sum"
139,131,52af3a9f3cf9994f4e043bef,"Dongbei Restaurant","Dongbei Restaurants",Dongbei
140,131,52af3aaa3cf9994f4e043bf0,"Fujian Restaurant","Fujian Restaurants",Fujian
141,131,52af3ab53cf9994f4e043bf1,"Guizhou Restaurant","Guizhou Restaurants",Guizhou
142,131,52af3abe3cf9994f4e043bf2,"Hainan Restaurant","Hainan Restaurants",Hainan
143,131,52af3ac83cf9994f4e043bf3,"Hakka Restaurant","Hakka Restaurants",Hakka
144,131,52af3ad23cf9994f4e043bf4,"Henan Restaurant","Henan Restaurants",Henan
145,131,52af3add3cf9994f4e043bf5,"Hong Kong Restaurant","Hong Kong Restaurants","Hong Kong"
146,131,52af3af23cf9994f4e043bf7,"Huaiyang Restaurant","Huaiyang Restaurants",Huaiyang
147,131,52af3ae63cf9994f4e043bf6,"Hubei Restaurant","Hubei Restaurants",Hubei
148,131,52af3afc3cf9994f4e043bf8,"Hunan Restaurant","Hunan Restaurants",Hunan
149,131,52af3b053cf9994f4e043bf9,"Imperial Restaurant","Imperial Restaurants",Imperial
150,131,52af3b213cf9994f4e043bfa,"Jiangsu Restaurant","Jiangsu Restaurants",Jiangsu
151,131,52af3b293cf9994f4e043bfb,"Jiangxi Restaurant","Jiangxi Restaurants",Jiangxi
152,131,52af3b343cf9994f4e043bfc,"Macanese Restaurant","Macanese Restaurants",Macanese
153,131,52af3b3b3cf9994f4e043bfd,"Manchu Restaurant","Manchu Restaurants",Manchu
154,131,52af3b463cf9994f4e043bfe,"Peking Duck Restaurant","Peking Duck Restaurants","Peking Duck"
155,131,52af3b633cf9994f4e043c01,"Shaanxi Restaurant","Shaanxi Restaurants",Shaanxi
156,131,52af3b513cf9994f4e043bff,"Shandong Restaurant","Shandong Restaurants",Shandong
157,131,52af3b593cf9994f4e043c00,"Shanghai Restaurant","Shanghai Restaurants",Shanghai
158,131,52af3b6e3cf9994f4e043c02,"Shanxi Restaurant","Shanxi Restaurants",Shanxi
159,131,52af3b773cf9994f4e043c03,"Szechuan Restaurant","Szechuan Restaurants",Szechuan
160,131,52af3b813cf9994f4e043c04,"Taiwanese Restaurant","Taiwanese Restaurants",Taiwanese
161,131,52af3b893cf9994f4e043c05,"Tianjin Restaurant","Tianjin Restaurants",Tianjin
162,131,52af3b913cf9994f4e043c06,"Xinjiang Restaurant","Xinjiang Restaurants",Xinjiang
163,131,52af3b9a3cf9994f4e043c07,"Yunnan Restaurant","Yunnan Restaurants",Yunnan
164,131,52af3ba23cf9994f4e043c08,"Zhejiang Restaurant","Zhejiang Restaurants",Zhejiang
165,128,4eb1bd1c3b7b55596b4a748f,"Filipino Restaurant","Filipino Restaurants",Filipino
166,128,52e81612bcbc57f1066b79fb,"Himalayan Restaurant","Himalayan Restaurants",Himalayan
167,128,52af0bd33cf9994f4e043bdd,"Hotpot Restaurant","Hotpot Restaurants",Hotpot
168,128,4deefc054765f83613cdba6f,"Indonesian Restaurant","Indonesian Restaurants",Indonesian
169,168,52960eda3cf9994f4e043ac9,"Acehnese Restaurant","Acehnese Restaurants",Acehnese
170,168,52960eda3cf9994f4e043acb,"Balinese Restaurant","Balinese Restaurants",Balinese
171,168,52960eda3cf9994f4e043aca,"Betawinese Restaurant","Betawinese Restaurants",Betawinese
172,168,52960eda3cf9994f4e043acc,"Indonesian Meatball Place","Indonesian Meatball Places","Indonesian Meatball Place"
173,168,52960eda3cf9994f4e043ac7,"Javanese Restaurant","Javanese Restaurants",Javanese
174,168,52960eda3cf9994f4e043ac8,"Manadonese Restaurant","Manadonese Restaurants",Manadonese
175,168,52960eda3cf9994f4e043ac5,"Padangnese Restaurant","Padangnese Restaurants",Padangnese
176,168,52960eda3cf9994f4e043ac6,"Sundanese Restaurant","Sundanese Restaurants",Sundanese
177,128,4bf58dd8d48988d111941735,"Japanese Restaurant","Japanese Restaurants",Japanese
178,177,55a59bace4b013909087cb0c,"Donburi Restaurant","Donburi Restaurants",Donburi
179,177,55a59bace4b013909087cb30,"Japanese Curry Restaurant","Japanese Curry Restaurants","Japanese Curry"
180,177,5f2c2436b6d05514c704433e,"Japanese Family Restaurant","Japanese Family Restaurants","Japanese Family Restaurant"
181,177,55a59bace4b013909087cb21,"Kaiseki Restaurant","Kaiseki Restaurants",Kaiseki
182,177,55a59bace4b013909087cb06,"Kushikatsu Restaurant","Kushikatsu Restaurants",Kushikatsu
183,177,55a59bace4b013909087cb1b,"Monjayaki Restaurant","Monjayaki Restaurants",Monjayaki
184,177,55a59bace4b013909087cb1e,"Nabe Restaurant","Nabe Restaurants",Nabe
185,177,55a59bace4b013909087cb18,"Okonomiyaki Restaurant","Okonomiyaki Restaurants",Okonomiyaki
186,177,55a59bace4b013909087cb24,"Ramen Restaurant","Ramen Restaurants",Ramen
187,177,55a59bace4b013909087cb15,"Shabu-Shabu Restaurant","Shabu-Shabu Restaurants",Shabu-Shabu
188,177,55a59bace4b013909087cb27,"Soba Restaurant","Soba Restaurants",Soba
189,177,55a59bace4b013909087cb12,"Sukiyaki Restaurant","Sukiyaki Restaurants",Sukiyaki
190,177,4bf58dd8d48988d1d2941735,"Sushi Restaurant","Sushi Restaurants",Sushi
191,177,55a59bace4b013909087cb2d,"Takoyaki Place","Takoyaki Places",Takoyaki
192,177,5f2c239eb6d05514c70441ee,"Teishoku Restaurant","Teishoku Restaurants",Teishoku
193,177,55a59a31e4b013909087cb00,"Tempura Restaurant","Tempura Restaurants",Tempura
194,177,55a59af1e4b013909087cb03,"Tonkatsu Restaurant","Tonkatsu Restaurants",Tonkatsu
195,177,55a59bace4b013909087cb2a,"Udon Restaurant","Udon Restaurants",Udon
196,177,55a59bace4b013909087cb0f,"Unagi Restaurant","Unagi Restaurants",Unagi
197,177,55a59bace4b013909087cb33,"Wagashi Place","Wagashi Places",Wagashi
198,177,55a59bace4b013909087cb09,"Yakitori Restaurant","Yakitori Restaurants",Yakitori
199,177,55a59bace4b013909087cb36,"Yoshoku Restaurant","Yoshoku Restaurants",Yoshoku
200,128,4bf58dd8d48988d113941735,"Korean Restaurant","Korean Restaurants",Korean
201,200,56aa371be4b08b9a8d5734e4,"Bossam/Jokbal Restaurant","Bossam/Jokbal Restaurants",Bossam/Jokbal
202,200,56aa371be4b08b9a8d5734f0,"Bunsik Restaurant","Bunsik Restaurants",Bunsik
203,200,56aa371be4b08b9a8d5734e7,"Gukbap Restaurant","Gukbap Restaurants",Gukbap
204,200,56aa371be4b08b9a8d5734ed,"Janguh Restaurant","Janguh Restaurants",Janguh
205,200,5f2c3f6b5b4c177b9a6dc388,"Korean BBQ Restaurant","Korean BBQ Restaurants","Korean BBQ"
206,200,56aa371be4b08b9a8d5734ea,"Samgyetang Restaurant","Samgyetang Restaurants",Samgyetang
207,128,4bf58dd8d48988d156941735,"Malay Restaurant","Malay Restaurants",Malay
208,207,5ae9595eb77c77002c2f9f26,"Mamak Restaurant","Mamak Restaurants",Malay
209,128,4eb1d5724b900d56c88a45fe,"Mongolian Restaurant","Mongolian Restaurants",Mongolian
210,128,4bf58dd8d48988d1d1941735,"Noodle House","Noodle Houses",Noodles
211,128,56aa371be4b08b9a8d57350e,"Satay Restaurant","Satay Restaurants",Satay
212,128,5f2c430e5b4c177b9a6dcabd,"Singaporean Restaurant","Singaporean Restaurants",Singaporean
213,128,4bf58dd8d48988d149941735,"Thai Restaurant","Thai Restaurants",Thai
214,213,56aa371be4b08b9a8d573502,"Som Tum Restaurant","Som Tum Restaurants","Som Tum"
215,128,52af39fb3cf9994f4e043be9,"Tibetan Restaurant","Tibetan Restaurants",Tibetan
216,128,4bf58dd8d48988d14a941735,"Vietnamese Restaurant","Vietnamese Restaurants",Vietnamese
217,120,4bf58dd8d48988d169941735,"Australian Restaurant","Australian Restaurants",Australian
218,120,52e81612bcbc57f1066b7a01,"Austrian Restaurant","Austrian Restaurants",Austrian
219,120,4bf58dd8d48988d1df931735,"BBQ Joint","BBQ Joints",BBQ
220,120,4bf58dd8d48988d179941735,"Bagel Shop","Bagel Shops",Bagels
221,120,4bf58dd8d48988d16a941735,Bakery,Bakeries,Bakery
222,120,5e179ee74ae8e90006e9a746,"Bangladeshi Restaurant","Bangladeshi Restaurants",Bangladeshi
223,120,52e81612bcbc57f1066b7a02,"Belgian Restaurant","Belgian Restaurants",Belgian
224,120,52e81612bcbc57f1066b79f1,Bistro,Bistros,Bistro
225,120,4bf58dd8d48988d143941735,"Breakfast Spot","Breakfast Spots",Breakfast
226,120,52e81612bcbc57f1066b7a0c,"Bubble Tea Shop","Bubble Tea Shops","Bubble Tea"
227,120,52e81612bcbc57f1066b79f4,Buffet,Buffets,Buffet
228,120,4bf58dd8d48988d16c941735,"Burger Joint","Burger Joints",Burgers
229,120,4bf58dd8d48988d128941735,Cafeteria,Cafeterias,Cafeteria
230,120,4bf58dd8d48988d16d941735,Caf?©,Caf?©s,Caf?©
231,120,4bf58dd8d48988d17a941735,"Cajun / Creole Restaurant","Cajun / Creole Restaurants","Cajun / Creole"
232,120,4bf58dd8d48988d144941735,"Caribbean Restaurant","Caribbean Restaurants",Caribbean
233,232,4bf58dd8d48988d154941735,"Cuban Restaurant","Cuban Restaurants",Cuban
234,232,5f2c2abab6d05514c70446e4,"Puerto Rican Restaurant","Puerto Rican Restaurants","Puerto Rican"
235,120,5293a7d53cf9994f4e043a45,"Caucasian Restaurant","Caucasian Restaurants",Caucasian
236,120,4bf58dd8d48988d1e0931735,"Coffee Shop","Coffee Shops","Coffee Shop"
237,120,52e81612bcbc57f1066b7a00,"Comfort Food Restaurant","Comfort Food Restaurants","Comfort Food"
238,120,52e81612bcbc57f1066b79f2,Creperie,Creperies,Creperie
239,120,52f2ae52bcbc57f1066b8b81,"Czech Restaurant","Czech Restaurants",Czech
240,120,4bf58dd8d48988d146941735,"Deli / Bodega","Delis / Bodegas","Deli / Bodega"
241,120,4bf58dd8d48988d1d0941735,"Dessert Shop","Dessert Shops",Desserts
242,241,4bf58dd8d48988d1bc941735,"Cupcake Shop","Cupcake Shops",Cupcakes
243,241,512e7cae91d4cbb4e5efe0af,"Frozen Yogurt Shop","Frozen Yogurt Shops",Yogurt
244,241,5f2c407c5b4c177b9a6dc536,"Gelato Shop","Gelato Shops",Gelato
245,241,4bf58dd8d48988d1c9941735,"Ice Cream Shop","Ice Cream Shops","Ice Cream"
246,241,5744ccdfe4b0c0459246b4e2,"Pastry Shop","Pastry Shops",Pastry
247,241,52e81612bcbc57f1066b7a0a,"Pie Shop","Pie Shops","Pie Shop"
248,120,4bf58dd8d48988d147941735,Diner,Diners,Diner
249,120,4bf58dd8d48988d148941735,"Donut Shop","Donut Shops",Donuts
250,120,4bf58dd8d48988d108941735,"Dumpling Restaurant","Dumpling Restaurants",Dumplings
251,120,5744ccdfe4b0c0459246b4d0,"Dutch Restaurant","Dutch Restaurants",Dutch
252,120,4bf58dd8d48988d109941735,"Eastern European Restaurant","Eastern European Restaurants","Eastern European"
253,252,52e928d0bcbc57f1066b7e97,"Belarusian Restaurant","Belarusian Restaurants",Belarusian
254,252,58daa1558bbb0b01f18ec1ee,"Bosnian Restaurant","Bosnian Restaurants",Bosnian
255,252,56aa371be4b08b9a8d5734f3,"Bulgarian Restaurant","Bulgarian Restaurants",Bulgarian
256,252,52960bac3cf9994f4e043ac4,"Romanian Restaurant","Romanian Restaurants",Romanian
257,252,52e928d0bcbc57f1066b7e98,"Tatar Restaurant","Tatar Restaurants",Tatar
258,120,52e81612bcbc57f1066b7a05,"English Restaurant","English Restaurants",English
259,120,4bf58dd8d48988d10b941735,"Falafel Restaurant","Falafel Restaurants",Falafel
260,120,4bf58dd8d48988d16e941735,"Fast Food Restaurant","Fast Food Restaurants","Fast Food"
261,120,4edd64a0c7ddd24ca188df1a,"Fish & Chips Shop","Fish & Chips Shops","Fish & Chips"
262,120,52e81612bcbc57f1066b7a09,"Fondue Restaurant","Fondue Restaurants",Fondue
263,120,4bf58dd8d48988d120951735,"Food Court","Food Courts","Food Court"
264,120,56aa371be4b08b9a8d57350b,"Food Stand","Food Stands","Food Stand"
265,120,4bf58dd8d48988d1cb941735,"Food Truck","Food Trucks","Food Truck"
266,120,4bf58dd8d48988d10c941735,"French Restaurant","French Restaurants",French
267,266,57558b36e4b065ecebd306b6,"Alsatian Restaurant","Alsatian Restaurants",Alsatian
268,266,57558b36e4b065ecebd306b8,"Auvergne Restaurant","Auvergne Restaurants",Auvergne
269,266,57558b36e4b065ecebd306bc,"Basque Restaurant","Basque Restaurants",Basque
270,266,57558b36e4b065ecebd306b0,Brasserie,Brasseries,Brasserie
271,266,57558b36e4b065ecebd306c5,"Breton Restaurant","Breton Restaurants",Breton
272,266,57558b36e4b065ecebd306c0,"Burgundian Restaurant","Burgundian Restaurants",Burgundian
273,266,57558b36e4b065ecebd306cb,"Catalan Restaurant","Catalan Restaurants",Catalan
274,266,57558b36e4b065ecebd306ce,"Ch'ti Restaurant","Ch'ti Restaurants",Ch'ti
275,266,57558b36e4b065ecebd306d1,"Corsican Restaurant","Corsican Restaurants",Corsican
276,266,57558b36e4b065ecebd306b4,Estaminet,Estaminets,Estaminet
277,266,57558b36e4b065ecebd306b2,"Labour Canteen","Labour Canteens","Labour Canteen"
278,266,57558b35e4b065ecebd306ad,"Lyonese Bouchon","Lyonese Bouchons",Bouchon
279,266,57558b36e4b065ecebd306d4,"Norman Restaurant","Norman Restaurants",Norman
280,266,57558b36e4b065ecebd306d7,"Proven?§al Restaurant","Proven?§al Restaurants",Proven?§al
281,266,57558b36e4b065ecebd306da,"Savoyard Restaurant","Savoyard Restaurants",Savoyard
282,266,57558b36e4b065ecebd306ba,"Southwestern French Restaurant","Southwestern French Restaurants","Southwestern French"
283,120,4d4ae6fc7a7b7dea34424761,"Fried Chicken Joint","Fried Chicken Joints","Fried Chicken"
284,120,55d25775498e9f6a0816a37a,Friterie,Friteries,Friterie
285,120,4bf58dd8d48988d155941735,Gastropub,Gastropubs,Gastropub
286,120,4bf58dd8d48988d10d941735,"German Restaurant","German Restaurants",German
287,286,56aa371ce4b08b9a8d573583,"Apple Wine Pub","Apple Wine Pubs","Apple Wine"
288,286,56aa371ce4b08b9a8d573572,"Bavarian Restaurant","Bavarian Restaurants",Bavarian
289,286,56aa371ce4b08b9a8d57358e,"Bratwurst Joint","Bratwurst Joints",Bratwurst
290,286,56aa371ce4b08b9a8d57358b,"Currywurst Joint","Currywurst Joints",Currywurst
291,286,56aa371ce4b08b9a8d573574,"Franconian Restaurant","Franconian Restaurants",Franconian
292,286,56aa371ce4b08b9a8d573592,"German Pop-Up Restaurant","German Pop-Up Restaurants","German Pop-Up Restaurant"
293,286,56aa371ce4b08b9a8d573578,"Palatine Restaurant","Palatine Restaurants",Palatine
294,286,56aa371ce4b08b9a8d57357b,"Rhenisch Restaurant","Rhenisch Restaurants",Rhenisch
295,286,56aa371ce4b08b9a8d573587,"Schnitzel Restaurant","Schnitzel Restaurants",Schnitzel
296,286,56aa371ce4b08b9a8d57357f,"Silesian Restaurant","Silesian Restaurants",Silesian
297,286,56aa371ce4b08b9a8d573576,"Swabian Restaurant","Swabian Restaurants",Swabian
298,120,4c2cd86ed066bed06c3c5209,"Gluten-free Restaurant","Gluten-free Restaurants",Gluten-free
299,120,4bf58dd8d48988d10e941735,"Greek Restaurant","Greek Restaurants",Greek
300,299,53d6c1b0e4b02351e88a83e8,"Bougatsa Shop","Bougatsa Shops","Bougatsa Shops"
301,299,53d6c1b0e4b02351e88a83e2,"Cretan Restaurant","Cretan Restaurants","Cretan Restaurants"
302,299,53d6c1b0e4b02351e88a83d8,"Fish Taverna","Fish Tavernas","Fish Tavernas"
303,299,53d6c1b0e4b02351e88a83d6,"Grilled Meat Restaurant","Grilled Meat Restaurants","Grilled Meat Restaurants"
304,299,53d6c1b0e4b02351e88a83e6,Kafenio,Kafenia,Kafenia
305,299,53d6c1b0e4b02351e88a83e4,Magirio,Magirio,Magirio
306,299,53d6c1b0e4b02351e88a83da,"Meze Restaurant","Meze Restaurants","Meze Restaurants"
307,299,53d6c1b0e4b02351e88a83d4,"Modern Greek Restaurant","Modern Greek Restaurants","Modern Greek Restaurants"
308,299,53d6c1b0e4b02351e88a83dc,Ouzeri,Ouzeries,Ouzeries
309,299,53d6c1b0e4b02351e88a83e0,"Patsa Restaurant","Patsa Restaurants","Patsa Restaurants"
310,299,52e81612bcbc57f1066b79f3,"Souvlaki Shop","Souvlaki Shops",Souvlaki
311,299,53d6c1b0e4b02351e88a83d2,Taverna,Tavernas,Tavernas
312,299,53d6c1b0e4b02351e88a83de,"Tsipouro Restaurant","Tsipouro Restaurants","Tsipouro Restaurants"
313,120,52e81612bcbc57f1066b79ff,"Halal Restaurant","Halal Restaurants",Halal
314,120,52e81612bcbc57f1066b79fe,"Hawaiian Restaurant","Hawaiian Restaurants",Hawaiian
315,314,5bae9231bedf3950379f89d4,"Poke Place","Poke Places","Poke Place"
316,120,4bf58dd8d48988d16f941735,"Hot Dog Joint","Hot Dog Joints","Hot Dogs"
317,120,52e81612bcbc57f1066b79fa,"Hungarian Restaurant","Hungarian Restaurants",Hungarian
318,120,4bf58dd8d48988d10f941735,"Indian Restaurant","Indian Restaurants",Indian
319,318,54135bf5e4b08f3d2429dfe5,"Andhra Restaurant","Andhra Restaurants",Andhra
320,318,54135bf5e4b08f3d2429dff3,"Awadhi Restaurant","Awadhi Restaurants",Awadhi
321,318,54135bf5e4b08f3d2429dff5,"Bengali Restaurant","Bengali Restaurants",Bengali
322,318,54135bf5e4b08f3d2429dfe2,"Chaat Place","Chaat Places",Chaat
323,318,54135bf5e4b08f3d2429dff2,"Chettinad Restaurant","Chettinad Restaurants",Chettinad
324,318,54135bf5e4b08f3d2429dfe1,Dhaba,Dhabas,Dhaba
325,318,54135bf5e4b08f3d2429dfe3,"Dosa Place","Dosa Places",Dosa
326,318,54135bf5e4b08f3d2429dfe8,"Goan Restaurant","Goan Restaurants",Goan
327,318,54135bf5e4b08f3d2429dfe9,"Gujarati Restaurant","Gujarati Restaurants",Gujarati
328,318,54135bf5e4b08f3d2429dfe6,"Hyderabadi Restaurant","Hyderabadi Restaurants",Hyderabadi
329,318,54135bf5e4b08f3d2429dfdf,"Indian Chinese Restaurant","Indian Chinese Restaurants","Indian Chinese"
330,318,54135bf5e4b08f3d2429dfe4,"Indian Sweet Shop","Indian Sweet Shops","Indian Sweets"
331,318,54135bf5e4b08f3d2429dfe7,"Irani Cafe","Irani Cafes",Irani
332,318,54135bf5e4b08f3d2429dfea,"Jain Restaurant","Jain Restaurants",Jain
333,318,54135bf5e4b08f3d2429dfeb,"Karnataka Restaurant","Karnataka Restaurants",Karnataka
334,318,54135bf5e4b08f3d2429dfed,"Kerala Restaurant","Kerala Restaurants",Kerala
335,318,54135bf5e4b08f3d2429dfee,"Maharashtrian Restaurant","Maharashtrian Restaurants",Maharashtrian
336,318,54135bf5e4b08f3d2429dff4,"Mughlai Restaurant","Mughlai Restaurants",Mughlai
337,318,54135bf5e4b08f3d2429dfe0,"Multicuisine Indian Restaurant","Multicuisine Indian Restaurants","Multicuisine Indian"
338,318,54135bf5e4b08f3d2429dfdd,"North Indian Restaurant","North Indian Restaurants","North Indian"
339,318,54135bf5e4b08f3d2429dff6,"Northeast Indian Restaurant","Northeast Indian Restaurants","Northeast Indian"
340,318,54135bf5e4b08f3d2429dfef,"Parsi Restaurant","Parsi Restaurants",Parsi
341,318,54135bf5e4b08f3d2429dff0,"Punjabi Restaurant","Punjabi Restaurants",Punjabi
342,318,54135bf5e4b08f3d2429dff1,"Rajasthani Restaurant","Rajasthani Restaurants",Rajasthani
343,318,54135bf5e4b08f3d2429dfde,"South Indian Restaurant","South Indian Restaurants","South Indian"
344,318,54135bf5e4b08f3d2429dfec,"Udupi Restaurant","Udupi Restaurants",Udupi
345,120,52e81612bcbc57f1066b7a06,"Irish Pub","Irish Pubs",Irish
346,120,4bf58dd8d48988d110941735,"Italian Restaurant","Italian Restaurants",Italian
347,346,55a5a1ebe4b013909087cbb6,"Abruzzo Restaurant","Abruzzo Restaurants",Abruzzo
348,346,55a5a1ebe4b013909087cb7c,Agriturismo,Agriturismos,Agriturismo
349,346,55a5a1ebe4b013909087cba7,"Aosta Restaurant","Aosta Restaurants",Aosta
350,346,55a5a1ebe4b013909087cba1,"Basilicata Restaurant","Basilicata Restaurants",Basilicata
351,346,55a5a1ebe4b013909087cba4,"Calabria Restaurant","Calabria Restaurants",Calabria
352,346,55a5a1ebe4b013909087cb95,"Campanian Restaurant","Campanian Restaurants",Campanian
353,346,55a5a1ebe4b013909087cb89,"Emilia Restaurant","Emilia Restaurants",Emilia
354,346,55a5a1ebe4b013909087cb9b,"Friuli Restaurant","Friuli Restaurants",Friuli
355,346,55a5a1ebe4b013909087cb98,"Ligurian Restaurant","Ligurian Restaurants",Ligurian
356,346,55a5a1ebe4b013909087cbbf,"Lombard Restaurant","Lombard Restaurants",Lombard
357,346,55a5a1ebe4b013909087cb79,Malga,Malgas,Malga
358,346,55a5a1ebe4b013909087cbb0,"Marche Restaurant","Marche Restaurants",Marche
359,346,55a5a1ebe4b013909087cbb3,"Molise Restaurant","Molise Restaurants",Molise
360,346,55a5a1ebe4b013909087cb74,Piadineria,Piadinerias,Piadineria
361,346,55a5a1ebe4b013909087cbaa,"Piedmontese Restaurant","Piedmontese Restaurants",Piedmontese
362,346,55a5a1ebe4b013909087cb83,"Puglia Restaurant","Puglia Restaurants",Puglia
363,346,55a5a1ebe4b013909087cb8c,"Romagna Restaurant","Romagna Restaurants",Romagna
364,346,55a5a1ebe4b013909087cb92,"Roman Restaurant","Roman Restaurants",Roman
365,346,55a5a1ebe4b013909087cb8f,"Sardinian Restaurant","Sardinian Restaurants",Sardinian
366,346,55a5a1ebe4b013909087cb86,"Sicilian Restaurant","Sicilian Restaurants",Sicilian
367,346,55a5a1ebe4b013909087cbb9,"South Tyrolean Restaurant","South Tyrolean Restaurants","South Tyrolean"
368,346,55a5a1ebe4b013909087cb7f,Trattoria/Osteria,Trattorias/Osterias,Trattoria/Osteria
369,346,55a5a1ebe4b013909087cbbc,"Trentino Restaurant","Trentino Restaurants",Trentino
370,346,55a5a1ebe4b013909087cb9e,"Tuscan Restaurant","Tuscan Restaurants",Tuscan
371,346,55a5a1ebe4b013909087cbc2,"Umbrian Restaurant","Umbrian Restaurants",Umbrian
372,346,55a5a1ebe4b013909087cbad,"Veneto Restaurant","Veneto Restaurants",Veneto
373,120,52e81612bcbc57f1066b79fd,"Jewish Restaurant","Jewish Restaurants",Jewish
374,373,52e81612bcbc57f1066b79fc,"Kosher Restaurant","Kosher Restaurants",Kosher
375,120,4bf58dd8d48988d112941735,"Juice Bar","Juice Bars","Juice Bar"
376,120,5283c7b4e4b094cb91ec88d7,"Kebab Restaurant","Kebab Restaurants",Kebab
377,120,4bf58dd8d48988d1be941735,"Latin American Restaurant","Latin American Restaurants","Latin American"
378,377,4bf58dd8d48988d152941735,"Arepa Restaurant","Arepa Restaurants",Arepas
379,377,52939a8c3cf9994f4e043a35,"Empanada Restaurant","Empanada Restaurants",Empanada
380,377,5f2c32587ff30c0d7ac09638,"Honduran Restaurant","Honduran Restaurants",Honduran
381,377,5745c7ac498e5d0483112fdb,"Salvadoran Restaurant","Salvadoran Restaurants",Salvadoran
382,377,4bf58dd8d48988d1cd941735,"South American Restaurant","South American Restaurants","South American"
383,382,4bf58dd8d48988d107941735,"Argentinian Restaurant","Argentinian Restaurants",Argentinian
384,382,4bf58dd8d48988d16b941735,"Brazilian Restaurant","Brazilian Restaurants",Brazilian
385,384,5294c7523cf9994f4e043a62,"Acai House","Acai Houses",Acai
386,384,52939ae13cf9994f4e043a3b,"Baiano Restaurant","Baiano Restaurants",Baiano
387,384,52939a9e3cf9994f4e043a36,"Central Brazilian Restaurant","Central Brazilian Restaurants","Central Brazilian"
388,384,52939a643cf9994f4e043a33,Churrascaria,Churrascarias,Churrascaria
389,384,5294c55c3cf9994f4e043a61,"Empada House","Empada Houses",Empadas
390,384,52939af83cf9994f4e043a3d,"Goiano Restaurant","Goiano Restaurants",Goiano
391,384,52939aed3cf9994f4e043a3c,"Mineiro Restaurant","Mineiro Restaurants",Mineiro
392,384,52939aae3cf9994f4e043a37,"Northeastern Brazilian Restaurant","Northeastern Brazilian Restaurants","Northeastern Brazilian"
393,384,52939ab93cf9994f4e043a38,"Northern Brazilian Restaurant","Northern Brazilian Restaurants","Northern Brazilian"
394,384,5294cbda3cf9994f4e043a63,Pastelaria,Pastelarias,Pastelaria
395,384,52939ac53cf9994f4e043a39,"Southeastern Brazilian Restaurant","Southeastern Brazilian Restaurants","Southeastern Brazilian"
396,384,52939ad03cf9994f4e043a3a,"Southern Brazilian Restaurant","Southern Brazilian Restaurants","Southern Brazilian"
397,384,52939a7d3cf9994f4e043a34,Tapiocaria,Tapiocarias,Tapiocaria
398,382,58daa1558bbb0b01f18ec1f4,"Colombian Restaurant","Colombian Restaurants",Colombian
399,382,4eb1bfa43b7b52c0e1adc2e8,"Peruvian Restaurant","Peruvian Restaurants",Peruvian
400,399,5f2c1c31b6d05514c704334c,"Peruvian Roast Chicken Joint","Peruvian Roast Chicken Joint","Peruvian Roast Chicken"
401,382,56aa371be4b08b9a8d573558,"Venezuelan Restaurant","Venezuelan Restaurants",Venezuelan
402,120,4bf58dd8d48988d1bf941735,"Mac & Cheese Joint","Mac & Cheese Joints","Mac & Cheese"
403,120,4bf58dd8d48988d1c0941735,"Mediterranean Restaurant","Mediterranean Restaurants",Mediterranean
404,403,4bf58dd8d48988d1c3941735,"Moroccan Restaurant","Moroccan Restaurants",Moroccan
405,120,4bf58dd8d48988d1c1941735,"Mexican Restaurant","Mexican Restaurants",Mexican
406,405,58daa1558bbb0b01f18ec1d9,Botanero,Botaneros,Botanero
407,405,4bf58dd8d48988d153941735,"Burrito Place","Burrito Places",Burritos
408,405,4bf58dd8d48988d151941735,"Taco Place","Taco Places",Tacos
409,405,56aa371ae4b08b9a8d5734ba,"Tex-Mex Restaurant","Tex-Mex Restaurants",Tex-Mex
410,405,5744ccdfe4b0c0459246b4d3,"Yucatecan Restaurant","Yucatecan Restaurants",Yucatecan
411,120,4bf58dd8d48988d115941735,"Middle Eastern Restaurant","Middle Eastern Restaurants","Middle Eastern"
412,411,5bae9231bedf3950379f89e1,"Egyptian Restaurant","Egyptian Restaurants","Egyptian Restaurant"
413,411,5bae9231bedf3950379f89e7,"Iraqi Restaurant","Iraqi Restaurants","Iraqi Restaurant"
414,411,56aa371be4b08b9a8d573529,"Israeli Restaurant","Israeli Restaurants",Israeli
415,411,5744ccdfe4b0c0459246b4ca,"Kurdish Restaurant","Kurdish Restaurants",Kurdish
416,411,58daa1558bbb0b01f18ec1cd,"Lebanese Restaurant","Lebanese Restaurants",Lebanese
417,411,52e81612bcbc57f1066b79f7,"Persian Restaurant","Persian Restaurants",Persian
418,417,58daa1558bbb0b01f18ec1bc,"Ash and Haleem Place","Ash and Haleem Places","Ash and Haleem"
419,417,58daa1558bbb0b01f18ec1c0,"Dizi Place","Dizi Places",Dizi
420,417,58daa1558bbb0b01f18ec1c4,"Gilaki Restaurant","Gilaki Restaurants",Gilaki
421,417,58daa1558bbb0b01f18ec1c7,Jegaraki,Jegarakis,Jegaraki
422,417,5744ccdfe4b0c0459246b4a8,Tabbakhi,Tabbakhis,Tabbakhi
423,411,5bae9231bedf3950379f89e4,"Shawarma Place","Shawarma Places","Shawarma Place"
424,411,5bae9231bedf3950379f89da,"Syrian Restaurant","Syrian Restaurants","Syrian Restaurant"
425,411,5bae9231bedf3950379f89ea,"Yemeni Restaurant","Yemeni Restaurants","Yemeni Restaurant"
426,120,52e81612bcbc57f1066b79f9,"Modern European Restaurant","Modern European Restaurants","Modern European"
427,120,4bf58dd8d48988d1c2941735,"Molecular Gastronomy Restaurant","Molecular Gastronomy Restaurants","Molecular Gastronomy"
428,120,52e81612bcbc57f1066b79f8,"Pakistani Restaurant","Pakistani Restaurants",Pakistani
429,120,56aa371be4b08b9a8d573508,"Pet Caf?©","Pet Caf?©s","Pet Caf?©"
430,120,4bf58dd8d48988d1ca941735,"Pizza Place","Pizza Places",Pizza
431,120,52e81612bcbc57f1066b7a04,"Polish Restaurant","Polish Restaurants",Polish
432,120,4def73e84765ae376e57713a,"Portuguese Restaurant","Portuguese Restaurants",Portuguese
433,120,56aa371be4b08b9a8d5734c7,"Poutine Place","Poutine Places","Poutine Place"
434,120,4bf58dd8d48988d1c4941735,Restaurant,Restaurants,Restaurant
435,120,5293a7563cf9994f4e043a44,"Russian Restaurant","Russian Restaurants",Russian
436,435,52e928d0bcbc57f1066b7e9d,"Blini House","Blini Houses",Blini
437,435,52e928d0bcbc57f1066b7e9c,"Pelmeni House","Pelmeni Houses",Pelmeni
438,120,4bf58dd8d48988d1bd941735,"Salad Place","Salad Places",Salad
439,120,4bf58dd8d48988d1c5941735,"Sandwich Place","Sandwich Places",Sandwiches
440,120,4bf58dd8d48988d1c6941735,"Scandinavian Restaurant","Scandinavian Restaurants",Scandinavian
441,120,5744ccdde4b0c0459246b4a3,"Scottish Restaurant","Scottish Restaurants",Scottish
442,120,4bf58dd8d48988d1ce941735,"Seafood Restaurant","Seafood Restaurants",Seafood
443,120,56aa371be4b08b9a8d57355a,"Slovak Restaurant","Slovak Restaurants",Slovak
444,120,4bf58dd8d48988d1c7941735,"Snack Place","Snack Places",Snacks
445,120,4bf58dd8d48988d1dd931735,"Soup Place","Soup Places",Soup
446,120,4bf58dd8d48988d14f941735,"Southern / Soul Food Restaurant","Southern / Soul Food Restaurants","Southern / Soul"
447,120,4bf58dd8d48988d150941735,"Spanish Restaurant","Spanish Restaurants",Spanish
448,447,4bf58dd8d48988d14d941735,"Paella Restaurant","Paella Restaurants",Paella
449,447,4bf58dd8d48988d1db931735,"Tapas Restaurant","Tapas Restaurants",Tapas
450,120,5413605de4b0ae91d18581a9,"Sri Lankan Restaurant","Sri Lankan Restaurants","Sri Lankan"
451,120,4bf58dd8d48988d1cc941735,Steakhouse,Steakhouses,Steakhouse
452,120,4bf58dd8d48988d158941735,"Swiss Restaurant","Swiss Restaurants",Swiss
453,120,4bf58dd8d48988d1dc931735,"Tea Room","Tea Rooms","Tea Room"
454,120,56aa371be4b08b9a8d573538,"Theme Restaurant","Theme Restaurants","Theme Restaurant"
455,120,4f04af1f2fb6e1c99f3db0bb,"Turkish Restaurant","Turkish Restaurants",Turkish
456,455,530faca9bcbc57f1066bc2f3,"Borek Place","Borek Places",Borek
457,455,530faca9bcbc57f1066bc2f4,"Cigkofte Place","Cigkofte Places",Cigkofte
458,455,5283c7b4e4b094cb91ec88d8,"Doner Restaurant","Doner Restaurants",Doner
459,455,5283c7b4e4b094cb91ec88d9,"Gozleme Place","Gozleme Places",Gozleme
460,455,5283c7b4e4b094cb91ec88db,"Kofte Place","Kofte Places",Kofte
461,455,5283c7b4e4b094cb91ec88d6,"Kokore?§ Restaurant","Kokore?§ Restaurants",Kokore?§
462,455,56aa371be4b08b9a8d573535,"Kumpir Restaurant","Kumpir Restaurants",Kumpir
463,455,56aa371be4b08b9a8d5734bd,"Kumru Restaurant","Kumru Restaurants",Kumru
464,455,5283c7b4e4b094cb91ec88d5,"Manti Place","Manti Places",Manti
465,455,5283c7b4e4b094cb91ec88da,Meyhane,Meyhanes,Meyhane
466,455,530faca9bcbc57f1066bc2f2,"Pide Place","Pide Places",Pide
467,455,58daa1558bbb0b01f18ec1df,Pilavc?±,Pilavc?±s,Pilavc?±
468,455,58daa1558bbb0b01f18ec1dc,"S?¶???? Place","S?¶???? Places",S?¶????
469,455,56aa371be4b08b9a8d5734bf,"Tantuni Restaurant","Tantuni Restaurants",Tantuni
470,455,56aa371be4b08b9a8d5734c1,"Turkish Coffeehouse","Turkish Coffeehouses","Turkish Coffeehouse"
471,455,5283c7b4e4b094cb91ec88d4,"Turkish Home Cooking Restaurant","Turkish Home Cooking Restaurants","Turkish Home Cooking"
472,455,58daa1558bbb0b01f18ec1e2,"?‡?¶p ?i? Place","?‡?¶p ?i? Places","?‡?¶p ?i?"
473,120,52e928d0bcbc57f1066b7e96,"Ukrainian Restaurant","Ukrainian Restaurants",Ukrainian
474,473,52e928d0bcbc57f1066b7e9a,"Varenyky restaurant","Varenyky Restaurants",Varenyky
475,473,52e928d0bcbc57f1066b7e9b,"West-Ukrainian Restaurant","West-Ukrainian Restaurants",West-Ukrainian
476,120,4bf58dd8d48988d1d3941735,"Vegetarian / Vegan Restaurant","Vegetarian / Vegan Restaurants","Vegetarian / Vegan"
477,120,4bf58dd8d48988d14c941735,"Wings Joint","Wings Joints",Wings
478,NULL,4d4b7105d754a06376d81259,"Nightlife Spot","Nightlife Spots",Nightlife
479,478,4bf58dd8d48988d116941735,Bar,Bars,Bar
480,479,52e81612bcbc57f1066b7a0d,"Beach Bar","Beach Bars","Beach Bar"
481,479,56aa371ce4b08b9a8d57356c,"Beer Bar","Beer Bars","Beer Bar"
482,479,4bf58dd8d48988d117941735,"Beer Garden","Beer Gardens","Beer Garden"
483,479,52e81612bcbc57f1066b7a0e,"Champagne Bar","Champagne Bars","Champagne Bar"
484,479,4bf58dd8d48988d11e941735,"Cocktail Bar","Cocktail Bars",Cocktail
485,479,4bf58dd8d48988d118941735,"Dive Bar","Dive Bars","Dive Bar"
486,479,4bf58dd8d48988d1d8941735,"Gay Bar","Gay Bars","Gay Bar"
487,479,4bf58dd8d48988d119941735,"Hookah Bar","Hookah Bars","Hookah Bar"
488,479,4bf58dd8d48988d1d5941735,"Hotel Bar","Hotel Bars","Hotel Bar"
489,479,5f2c40f15b4c177b9a6dc684,"Ice Bar","Ice Bars","Ice Bar"
490,479,4bf58dd8d48988d120941735,"Karaoke Bar","Karaoke Bars",Karaoke
491,479,4bf58dd8d48988d11b941735,Pub,Pubs,Pub
492,479,5f2c224bb6d05514c70440a3,"Rooftop Bar","Rooftop Bars","Rooftop Bar"
493,479,4bf58dd8d48988d11c941735,"Sake Bar","Sake Bars","Sake Bar"
494,479,4bf58dd8d48988d1d4941735,Speakeasy,Speakeasies,Speakeasy
495,479,4bf58dd8d48988d11d941735,"Sports Bar","Sports Bars","Sports Bar"
496,479,56aa371be4b08b9a8d57354d,"Tiki Bar","Tiki Bars","Tiki Bar"
497,479,4bf58dd8d48988d122941735,"Whisky Bar","Whisky Bars","Whisky Bar"
498,479,4bf58dd8d48988d123941735,"Wine Bar","Wine Bars","Wine Bar"
499,478,50327c8591d4c4b30a586d5d,Brewery,Breweries,Brewery
500,478,4bf58dd8d48988d121941735,Lounge,Lounges,Lounge
501,478,53e510b7498ebcb1801b55d4,"Night Market","Night Markets","Night Market"
502,478,4bf58dd8d48988d11f941735,Nightclub,Nightclubs,Nightclub
503,478,4bf58dd8d48988d11a941735,"Other Nightlife","Other Nightlife",Nightlife
504,478,4bf58dd8d48988d1d6941735,"Strip Club","Strip Clubs","Strip Club"
505,NULL,4d4b7105d754a06377d81259,"Outdoors & Recreation","Outdoors & Recreation","Outdoors & Recreation"
506,505,4f4528bc4b90abdf24c9de85,"Athletics & Sports","Athletics & Sports","Athletics & Sports"
507,506,52e81612bcbc57f1066b7a2b,"Badminton Court","Badminton Courts","Badminton Court"
508,506,4bf58dd8d48988d1e8941735,"Baseball Field","Baseball Fields","Baseball Field"
509,506,4bf58dd8d48988d1e1941735,"Basketball Court","Basketball Courts","Basketball Court"
510,506,52e81612bcbc57f1066b7a2f,"Bowling Green","Bowling Greens","Bowling Green"
511,506,56aa371be4b08b9a8d57351a,"Curling Ice","Curling Ices","Curling Ice"
512,506,4bf58dd8d48988d1e6941735,"Golf Course","Golf Courses","Golf Course"
513,506,58daa1558bbb0b01f18ec1b0,"Golf Driving Range","Golf Driving Ranges","Golf Driving Range"
514,506,4bf58dd8d48988d175941735,"Gym / Fitness Center","Gyms or Fitness Centers","Gym / Fitness"
515,514,52f2ab2ebcbc57f1066b8b47,"Boxing Gym","Boxing Gyms","Boxing Gym"
516,514,503289d391d4c4b30a586d6a,"Climbing Gym","Climbing Gyms","Climbing Gym"
517,514,52f2ab2ebcbc57f1066b8b49,"Cycle Studio","Cycle Studios","Cycle Studio"
518,514,4bf58dd8d48988d105941735,"Gym Pool","Gym Pools",Pool
519,514,52f2ab2ebcbc57f1066b8b48,"Gymnastics Gym","Gymnastics Gyms","Gymnastics Gym"
520,514,4bf58dd8d48988d176941735,Gym,Gyms,Gym
521,514,4bf58dd8d48988d101941735,"Martial Arts School","Martial Arts Schools","Martial Arts"
522,514,58daa1558bbb0b01f18ec203,"Outdoor Gym","Outdoor Gyms","Outdoor Gym"
523,514,5744ccdfe4b0c0459246b4b2,"Pilates Studio","Pilates Studios","Pilates Studio"
524,514,4bf58dd8d48988d106941735,Track,Tracks,Track
525,514,590a0744340a5803fd8508c3,"Weight Loss Center","Weight Loss Centers","Weight Loss Center"
526,514,4bf58dd8d48988d102941735,"Yoga Studio","Yoga Studios","Yoga Studio"
527,506,4f452cd44b9081a197eba860,"Hockey Field","Hockey Fields","Hockey Field"
528,506,56aa371be4b08b9a8d57352c,"Hockey Rink","Hockey Rinks","Hockey Rink"
529,506,5032829591d4c4b30a586d5e,"Paintball Field","Paintball Fields","Paintball Field"
530,506,52e81612bcbc57f1066b7a2c,"Rugby Pitch","Rugby Pitches",Pitch
531,506,4bf58dd8d48988d167941735,"Skate Park","Skate Parks","Skate Park"
532,506,4bf58dd8d48988d168941735,"Skating Rink","Skating Rinks","Skating Rink"
533,506,4cce455aebf7b749d5e191f5,"Soccer Field","Soccer Fields","Soccer Field"
534,506,52e81612bcbc57f1066b7a2e,"Sports Club","Sports Clubs","Sports Club"
535,506,52e81612bcbc57f1066b7a2d,"Squash Court","Squash Courts","Squash Court"
536,506,4e39a956bd410d7aed40cbc3,"Tennis Court","Tennis Courts","Tennis Court"
537,506,4eb1bf013b7b6f98df247e07,"Volleyball Court","Volleyball Courts","Volleyball Court"
538,505,52e81612bcbc57f1066b7a28,"Bathing Area","Bathing Areas","Bathing Area"
539,505,56aa371be4b08b9a8d573544,Bay,Bays,Bay
540,505,4bf58dd8d48988d1e2941735,Beach,Beaches,Beach
541,540,52e81612bcbc57f1066b7a30,"Nudist Beach","Nudist Beaches","Nudist Beach"
542,540,4bf58dd8d48988d1e3941735,"Surf Spot","Surf Spots","Surf Spot"
543,505,56aa371be4b08b9a8d57355e,"Bike Trail","Bike Trails","Bike Trail"
544,505,52e81612bcbc57f1066b7a22,"Botanical Garden","Botanical Gardens","Botanical Garden"
545,505,4bf58dd8d48988d1df941735,Bridge,Bridges,Bridge
546,505,4bf58dd8d48988d1e4941735,Campground,Campgrounds,Campground
547,505,56aa371be4b08b9a8d57353b,"Canal Lock","Canal Locks","Canal Lock"
548,505,56aa371be4b08b9a8d573562,Canal,Canals,Canal
549,505,50aaa49e4b90af0d42d5de11,Castle,Castles,Castle
550,505,56aa371be4b08b9a8d573511,Cave,Caves,Cave
551,505,4bf58dd8d48988d15c941735,Cemetery,Cemeteries,Cemetery
552,505,52e81612bcbc57f1066b7a12,"Dive Spot","Dive Spots","Dive Spot"
553,505,4bf58dd8d48988d1e5941735,"Dog Run","Dog Runs","Dog Run"
554,505,4bf58dd8d48988d15b941735,Farm,Farms,Farm
555,505,4bf58dd8d48988d15f941735,Field,Fields,Field
556,505,52e81612bcbc57f1066b7a0f,"Fishing Spot","Fishing Spots","Fishing Spot"
557,505,52e81612bcbc57f1066b7a23,Forest,Forests,Forest
558,505,56aa371be4b08b9a8d573547,Fountain,Fountains,Fountain
559,505,4bf58dd8d48988d15a941735,Garden,Gardens,Garden
560,505,52e81612bcbc57f1066b7a11,"Gun Range","Gun Ranges","Gun Range"
561,505,4bf58dd8d48988d1e0941735,"Harbor / Marina","Harbors / Marinas","Harbor / Marina"
562,505,5bae9231bedf3950379f89cd,Hill,Hills,Hill
563,505,4bf58dd8d48988d160941735,"Hot Spring","Hot Springs","Hot Spring"
564,505,5744ccdfe4b0c0459246b4b5,"Indoor Play Area","Indoor Play Areas","Indoor Play Area"
565,505,50aaa4314b90af0d42d5de10,Island,Islands,Island
566,505,4bf58dd8d48988d161941735,Lake,Lakes,Lake
567,505,4bf58dd8d48988d15d941735,Lighthouse,Lighthouses,Lighthouse
568,505,55a5a1ebe4b013909087cb77,"Mountain Hut","Mountain Huts","Mountain Hut"
569,505,4eb1d4d54b900d56c88a45fc,Mountain,Mountains,Mountain
570,505,52e81612bcbc57f1066b7a21,"National Park","National Parks","National Park"
571,505,52e81612bcbc57f1066b7a13,"Nature Preserve","Nature Preserves",Preserve
572,505,4bf58dd8d48988d162941735,"Other Great Outdoors","Other Great Outdoors","Other Outdoors"
573,505,52e81612bcbc57f1066b7a14,Palace,Palaces,Palace
574,505,4bf58dd8d48988d163941735,Park,Parks,Park
575,505,52e81612bcbc57f1066b7a25,"Pedestrian Plaza","Pedestrian Plazas","Pedestrian Street/Plaza"
576,505,4bf58dd8d48988d1e7941735,Playground,Playgrounds,Playground
577,505,4bf58dd8d48988d164941735,Plaza,Plazas,Plaza
578,505,4bf58dd8d48988d15e941735,Pool,Pools,Pool
579,505,52e81612bcbc57f1066b7a29,Rafting,"Rafting Spots",Rafting
580,505,52e81612bcbc57f1066b7a26,"Recreation Center","Recreation Centers","Recreation Center"
581,505,56aa371be4b08b9a8d573541,Reservoir,Reservoirs,Reservoir
582,505,4eb1d4dd4b900d56c88a45fd,River,Rivers,River
583,505,50328a4b91d4c4b30a586d6b,"Rock Climbing Spot","Rock Climbing Spots","Rock Climbing"
584,505,4bf58dd8d48988d133951735,"Roof Deck","Roof Decks","Roof Deck"
585,505,4bf58dd8d48988d165941735,"Scenic Lookout","Scenic Lookouts","Scenic Lookout"
586,505,4bf58dd8d48988d166941735,"Sculpture Garden","Sculpture Gardens",Sculpture
587,505,4bf58dd8d48988d1e9941735,"Ski Area","Ski Areas","Ski Area"
588,587,4bf58dd8d48988d1ea941735,"Apres Ski Bar","Apres Ski Bars","Apres Ski Bar"
589,587,4eb1c0ed3b7b52c0e1adc2ea,"Ski Chairlift","Ski Chairlifts",Chairlift
590,587,4bf58dd8d48988d1ec941735,"Ski Chalet","Ski Chalets","Ski Chalet"
591,587,4bf58dd8d48988d1eb941735,"Ski Lodge","Ski Lodges",Lodge
592,587,4eb1c0f63b7b52c0e1adc2eb,"Ski Trail","Ski Trails",Trail
593,505,58daa1558bbb0b01f18ec1b9,"Skydiving Drop Zone","Skydiving Drop Zones","Drop Zone"
594,505,4eb1baf03b7b2c5b1d4306ca,Stables,Stables,Stables
595,505,5bae9231bedf3950379f89d0,"State / Provincial Park","State / Provincial Parks","State / Provincial Park"
596,505,530e33ccbcbc57f1066bbfe4,"States & Municipalities","States & Municipalities","States & Municipalities"
597,596,50aa9e094b90af0d42d5de0d,City,Cities,City
598,596,5345731ebcbc57f1066c39b2,County,Counties,County
599,596,530e33ccbcbc57f1066bbff7,Country,Countries,Country
600,596,4f2a25ac4b909258e854f55f,Neighborhood,Neighborhoods,Neighborhood
601,596,530e33ccbcbc57f1066bbff8,State,States,State
602,596,530e33ccbcbc57f1066bbff3,Town,Towns,Town
603,596,530e33ccbcbc57f1066bbff9,Village,Villages,Village
604,505,52e81612bcbc57f1066b7a10,"Summer Camp","Summer Camps","Summer Camp"
605,505,4bf58dd8d48988d159941735,Trail,Trails,Trail
606,505,52e81612bcbc57f1066b7a24,Tree,Trees,Tree
607,505,4bf58dd8d48988d1de941735,Vineyard,Vineyards,Vineyard
608,505,5032848691d4c4b30a586d61,Volcano,Volcanoes,Volcano
609,505,56aa371be4b08b9a8d573560,Waterfall,Waterfalls,Waterfall
610,505,56aa371be4b08b9a8d5734c3,Waterfront,Waterfronts,Waterfront
611,505,4fbc1be21983fc883593e321,Well,Wells,Well
612,505,5bae9231bedf3950379f89c7,Windmill,Windmills,Windmill
613,NULL,4d4b7105d754a06375d81259,"Professional & Other Places","Professional & Other Places",Professional
614,613,4e52d2d203646f7c19daa8ae,"Animal Shelter","Animal Shelters","Animal Shelter"
615,613,58daa1558bbb0b01f18ec1d6,"Art Studio","Art Studios","Art Studio"
616,613,4bf58dd8d48988d173941735,Auditorium,Auditoriums,Auditorium
617,613,56aa371be4b08b9a8d5734cf,Ballroom,Ballrooms,Ballroom
618,613,4bf58dd8d48988d130941735,Building,Buildings,Building
619,613,56aa371be4b08b9a8d573517,"Business Center","Business Centers","Business Center"
620,613,5e189fd6eee47d000759bbfd,Cidery,Cideries,Cidery
621,613,52e81612bcbc57f1066b7a35,"Club House","Club Houses",Club
622,613,52e81612bcbc57f1066b7a34,"Community Center","Community Centers","Community Center"
623,613,4bf58dd8d48988d1ff931735,"Convention Center","Convention Centers","Convention Center"
624,623,4bf58dd8d48988d100941735,"Meeting Room","Meeting Rooms","Meeting Room"
625,613,52e81612bcbc57f1066b7a32,"Cultural Center","Cultural Centers","Cultural Center"
626,613,4e0e22f5a56208c4ea9a85a0,Distillery,Distilleries,Distillery
627,613,52e81612bcbc57f1066b7a37,"Distribution Center","Distribution Centers",Distributor
628,613,4bf58dd8d48988d171941735,"Event Space","Event Spaces","Event Space"
629,628,56aa371be4b08b9a8d57356a,"Outdoor Event Space","Outdoor Event Spaces","Outdoor Event Space"
630,613,4eb1bea83b7b6f98df247e06,Factory,Factories,Factory
631,613,4eb1daf44b900d56c88a4600,Fair,Fairs,Fair
632,613,4f4534884b9074f6e4fb0174,"Funeral Home","Funeral Homes","Funeral Home"
633,613,4bf58dd8d48988d126941735,"Government Building","Government Buildings",Government
634,633,4bf58dd8d48988d12a941735,"Capitol Building","Capitol Buildings","Capitol Building"
635,633,4bf58dd8d48988d129941735,"City Hall","City Halls","City Hall"
636,633,4bf58dd8d48988d12b941735,Courthouse,Courthouses,Courthouse
637,633,4bf58dd8d48988d12c951735,"Embassy / Consulate","Embassies / Consulates",Embassy
638,633,4bf58dd8d48988d12c941735,"Fire Station","Fire Stations","Fire Station"
639,633,4bf58dd8d48988d12d941735,"Monument / Landmark","Monuments / Landmarks",Landmark
640,633,4bf58dd8d48988d12e941735,"Police Station","Police Stations","Police Station"
641,633,52e81612bcbc57f1066b7a38,"Town Hall","Town Halls","Town Hall"
642,613,56aa371be4b08b9a8d5734d7,"Industrial Estate","Industrial Estates","Industrial Estate"
643,613,4bf58dd8d48988d12f941735,Library,Libraries,Library
644,613,5e189d71eee47d000759b7e2,Meadery,Meaderies,Meadery
645,613,4bf58dd8d48988d104941735,"Medical Center","Medical Centers",Medical
646,645,52e81612bcbc57f1066b7a3b,Acupuncturist,Acupuncturists,Acupuncturist
647,645,52e81612bcbc57f1066b7a3c,"Alternative Healer","Alternative Healers","Alternative Healer"
648,645,5f2c43a65b4c177b9a6dcc62,"Blood Donation Center","Blood Donation Centers","Blood Donation Center"
649,645,52e81612bcbc57f1066b7a3a,Chiropractor,Chiropractors,Chiropractors
650,645,4bf58dd8d48988d178941735,"Dentist's Office","Dentist's Offices","Dentist's Office"
651,645,4bf58dd8d48988d177941735,"Doctor's Office","Doctor's Offices","Doctor's Office"
652,645,4bf58dd8d48988d194941735,"Emergency Room","Emergency Rooms","Emergency Room"
653,645,522e32fae4b09b556e370f19,"Eye Doctor","Eye Doctors","Eye Doctor"
654,645,5f2c5b8b5b4c177b9a6ddf0b,Hospice,Hospices,Hospice
655,645,4bf58dd8d48988d196941735,Hospital,Hospitals,Hospital
656,655,58daa1558bbb0b01f18ec1f7,"Hospital Ward","Hospital Wards","Hospital Ward"
657,645,56aa371be4b08b9a8d5734ff,"Maternity Clinic","Maternity Clinics","Maternity Clinic"
658,645,4f4531b14b9074f6e4fb0103,"Medical Lab","Medical Labs","Medical Lab"
659,645,52e81612bcbc57f1066b7a39,"Mental Health Office","Mental Health Offices","Mental Health"
660,645,58daa1558bbb0b01f18ec1d0,Nutritionist,Nutritionists,Nutritionist
661,645,5744ccdfe4b0c0459246b4af,"Physical Therapist","Physical Therapists","Physical Therapist"
662,645,56aa371be4b08b9a8d57351d,"Rehab Center","Rehab Centers","Rehab Center"
663,645,56aa371be4b08b9a8d573526,"Urgent Care Center","Urgent Care Centers","Urgent Care Center"
664,645,4d954af4a243a5684765b473,Veterinarian,Veterinarians,Veterinarians
665,613,4e52adeebd41615f56317744,"Military Base","Military Bases","Military Base"
666,613,50328a8e91d4c4b30a586d6c,Non-Profit,Non-Profits,Non-Profit
667,613,5744ccdfe4b0c0459246b4d9,Observatory,Observatories,Observatory
668,613,4bf58dd8d48988d124941735,Office,Offices,Office
669,668,52e81612bcbc57f1066b7a3d,"Advertising Agency","Advertising Agencies","Advertising Agency"
670,668,5032764e91d4c4b30a586d5a,"Campaign Office","Campaign Offices",Campaign
671,668,4bf58dd8d48988d127941735,"Conference Room","Conference Rooms","Conference room"
672,668,5665ef1d498ec706735f0e59,"Corporate Amenity","Corporate Amenities","Corporate Amenity"
673,668,54f4ba06498e2cf5561da814,"Corporate Cafeteria","Corporate Cafeterias","Corporate Cafeteria"
674,668,5665c7b9498e7d8a4f2c0f06,"Corporate Coffee Shop","Corporate Coffee Shops","Corporate Coffee Shop"
675,668,4bf58dd8d48988d174941735,"Coworking Space","Coworking Spaces","Coworking Space"
676,668,4bf58dd8d48988d125941735,"Tech Startup","Tech Startups","Tech Startup"
677,613,4c38df4de52ce0d596b336e1,Parking,Parking,Parking
678,613,4bf58dd8d48988d172941735,"Post Office","Post Offices","Post Office"
679,613,58daa1548bbb0b01f18ec1a9,"Power Plant","Power Plants","Power Plant"
680,613,5310b8e5bcbc57f1066bcbf1,Prison,Prisons,Prison
681,613,5032856091d4c4b30a586d63,"Radio Station","Radio Stations","Radio Station"
682,613,52f2ab2ebcbc57f1066b8b57,"Recruiting Agency","Recruiting Agencies","Recruiting Agency"
683,613,5744ccdfe4b0c0459246b4d6,"Research Laboratory","Research Laboratories","Research Laboratory"
684,613,58daa1558bbb0b01f18ec1b2,"Research Station","Research Stations","Research Station"
685,613,4bf58dd8d48988d13b941735,School,Schools,School
686,685,56aa371ce4b08b9a8d573570,"Adult Education Center","Adult Education Centers","Adult Education Center"
687,685,52e81612bcbc57f1066b7a43,"Circus School","Circus Schools","Circus School"
688,685,58daa1558bbb0b01f18ec200,"Cooking School","Cooking Schools","Cooking School"
689,685,52e81612bcbc57f1066b7a42,"Driving School","Driving Schools","Driving School"
690,685,4f4533804b9074f6e4fb0105,"Elementary School","Elementary Schools","Elementary School"
691,685,52e81612bcbc57f1066b7a49,"Flight School","Flight Schools","Flight School"
692,685,4bf58dd8d48988d13d941735,"High School","High Schools","High School"
693,685,52e81612bcbc57f1066b7a48,"Language School","Language Schools","Language School"
694,685,4f4533814b9074f6e4fb0106,"Middle School","Middle Schools","Middle School"
695,685,4f04b10d2fb6e1c99f3db0be,"Music School","Music Schools","Music School"
696,685,4f4533814b9074f6e4fb0107,"Nursery School","Nursery Schools","Nursery School"
697,685,52e81612bcbc57f1066b7a45,Preschool,Preschools,Preschool
698,685,52e81612bcbc57f1066b7a46,"Private School","Private Schools","Private School"
699,685,52e81612bcbc57f1066b7a47,"Religious School","Religious Schools","Religious School"
700,685,52e81612bcbc57f1066b7a44,"Swim School","Swim Schools","Swim School"
701,613,52e81612bcbc57f1066b7a33,"Social Club","Social Clubs","Social Club"
702,701,5f2c5de85b4c177b9a6de29c,"Veterans' Organization","Veterans' Organizations","Veterans' Organization"
703,613,4bf58dd8d48988d131941735,"Spiritual Center","Spiritual Centers",Spiritual
704,703,52e81612bcbc57f1066b7a3e,"Buddhist Temple","Buddhist Temples","Buddhist Temple"
705,703,58daa1558bbb0b01f18ec1eb,Cemevi,Cemevis,Cemevi
706,703,4bf58dd8d48988d132941735,Church,Churches,Church
707,703,56aa371be4b08b9a8d5734fc,"Confucian Temple","Confucian Temples","Confucian Temple"
708,703,52e81612bcbc57f1066b7a3f,"Hindu Temple","Hindu Temples","Hindu Temple"
709,703,5744ccdfe4b0c0459246b4ac,"Kingdom Hall","Kingdom Halls","Kingdom Hall"
710,703,52e81612bcbc57f1066b7a40,Monastery,Monasteries,Monastery
711,703,4bf58dd8d48988d138941735,Mosque,Mosques,Mosque
712,703,52e81612bcbc57f1066b7a41,"Prayer Room","Prayer Rooms","Prayer Room"
713,703,4eb1d80a4b900d56c88a45ff,Shrine,Shrines,Shrine
714,703,5bae9231bedf3950379f89c9,"Sikh Temple","Sikh Temples","Sikh Temple"
715,703,4bf58dd8d48988d139941735,Synagogue,Synagogues,Synagogue
716,703,4bf58dd8d48988d13a941735,Temple,Temples,Temple
717,703,56aa371be4b08b9a8d5734f6,Terreiro,Terreiros,Terreiro
718,613,52e81612bcbc57f1066b7a31,"TV Station","TV Stations","TV Station"
719,613,4cae28ecbf23941eb1190695,"Voting Booth","Voting Booths","Voting Booth"
720,613,52e81612bcbc57f1066b7a36,Warehouse,Warehouses,Warehouse
721,613,58daa1558bbb0b01f18ec1ac,"Waste Facility","Waste Facilities","Waste Facility"
722,613,56aa371be4b08b9a8d5734c5,"Wedding Hall","Wedding Halls","Wedding Hall"
723,613,4bf58dd8d48988d14b941735,Winery,Wineries,Winery
724,NULL,4e67e38e036454776db1fb3a,Residence,Residences,Residence
725,724,5032891291d4c4b30a586d68,"Assisted Living","Assisted Living","Assisted Living"
726,724,4bf58dd8d48988d103941735,"Home (private)","Homes (private)",Home
727,724,4f2a210c4b9023bd5841ed28,"Housing Development","Housing Developments","Housing Development"
728,724,4d954b06a243a5684965b473,"Residential Building (Apartment / Condo)","Residential Buildings (Apartments / Condos)",Residential
729,724,52f2ab2ebcbc57f1066b8b55,"Trailer Park","Trailer Parks","Trailer Park"
730,NULL,4d4b7105d754a06378d81259,"Shop & Service","Shops & Services",Shops
731,730,52f2ab2ebcbc57f1066b8b56,ATM,ATMs,ATM
732,730,5267e446e4b0ec79466e48c4,"Adult Boutique","Adult Boutiques","Adult Boutique"
733,730,4bf58dd8d48988d116951735,"Antique Shop","Antique Shops",Antiques
734,730,4bf58dd8d48988d127951735,"Arts & Crafts Store","Arts & Crafts Stores","Arts & Crafts"
735,730,52f2ab2ebcbc57f1066b8b43,Astrologer,Astrologers,Astrologer
736,730,4eb1c1623b7b52c0e1adc2ec,"Auto Dealership","Auto Dealerships","Auto Dealer"
737,736,5e8f50bd03c7a9000c1e2fbc,"New Auto Dealership","New Auto Dealerships","New Auto Dealer"
738,736,5e8f501a03c7a9000c1e2e88,"Used Auto Dealership","Used Auto Dealerships","Used Auto Dealer"
739,730,52f2ab2ebcbc57f1066b8b44,"Auto Garage","Auto Garages","Auto Garage"
740,730,56aa371be4b08b9a8d5734d3,"Auto Workshop","Auto Workshops","Auto Workshop"
741,730,4bf58dd8d48988d124951735,"Automotive Shop","Automotive Shops",Automotive
742,730,52f2ab2ebcbc57f1066b8b32,"Baby Store","Baby Stores","Baby Store"
743,730,4bf58dd8d48988d10a951735,Bank,Banks,Bank
744,730,52e81612bcbc57f1066b7a27,"Bath House","Bath Houses","Bath House"
745,730,56aa371be4b08b9a8d5734cb,"Batik Shop","Batik Shops","Batik Shop"
746,730,52f2ab2ebcbc57f1066b8b40,"Betting Shop","Betting Shops","Betting Shop"
747,730,52f2ab2ebcbc57f1066b8b42,"Big Box Store","Big Box Stores","Big Box Store"
748,730,4bf58dd8d48988d115951735,"Bike Shop","Bike Shops","Bike Shop"
749,730,4bf58dd8d48988d1f1941735,"Board Shop","Board Shops","Board Shop"
750,730,4bf58dd8d48988d114951735,Bookstore,Bookstores,Bookstore
751,730,4bf58dd8d48988d11a951735,"Bridal Shop","Bridal Shops",Bridal
752,730,5453de49498eade8af355881,"Business Service","Business Services","Business Services"
753,730,4eb1bdf03b7b55596b4a7491,"Camera Store","Camera Stores","Camera Store"
754,730,4bf58dd8d48988d117951735,"Candy Store","Candy Stores","Candy Store"
755,730,4f04ae1f2fb6e1c99f3db0ba,"Car Wash","Car Washes","Car Washes"
756,730,52f2ab2ebcbc57f1066b8b2a,"Carpet Store","Carpet Stores","Carpet Store"
757,730,52f2ab2ebcbc57f1066b8b2d,"Check Cashing Service","Check Cashing Services","Check Cashing Service"
758,730,5744ccdfe4b0c0459246b4c7,"Child Care Service","Child Care Services","Child Care"
759,758,4f4532974b9074f6e4fb0104,Daycare,Daycares,Daycare
760,730,52f2ab2ebcbc57f1066b8b31,"Chocolate Shop","Chocolate Shops","Chocolate Shop"
761,730,4bf58dd8d48988d103951735,"Clothing Store","Clothing Stores",Apparel
762,761,4bf58dd8d48988d102951735,"Accessories Store","Accessories Stores",Accessories
763,761,4bf58dd8d48988d104951735,Boutique,Boutiques,Boutique
764,761,4bf58dd8d48988d105951735,"Kids Store","Kids Stores","Kids Store"
765,761,4bf58dd8d48988d109951735,"Lingerie Store","Lingerie Stores",Lingerie
766,761,4bf58dd8d48988d106951735,"Men's Store","Men's Stores","Men's Store"
767,761,4bf58dd8d48988d107951735,"Shoe Store","Shoe Stores",Shoes
768,761,4bf58dd8d48988d108951735,"Women's Store","Women's Stores","Women's Store"
769,730,52f2ab2ebcbc57f1066b8b18,"Comic Shop","Comic Shops","Comic Shop"
770,730,5454144b498ec1f095bff2f2,"Construction & Landscaping","Construction & Landscaping",Construction
771,730,4d954b0ea243a5684a65b473,"Convenience Store","Convenience Stores","Convenience Store"
772,730,4bf58dd8d48988d10c951735,"Cosmetics Shop","Cosmetics Shops",Cosmetics
773,730,52f2ab2ebcbc57f1066b8b17,"Costume Shop","Costume Shops","Costume Shop"
774,730,5032850891d4c4b30a586d62,"Credit Union","Credit Unions","Credit Union"
775,730,5744ccdfe4b0c0459246b4be,"Currency Exchange","Currency Exchanges","Currency Exchange"
776,730,4bf58dd8d48988d1f6941735,"Department Store","Department Stores","Department Store"
777,730,4bf58dd8d48988d1f4941735,"Design Studio","Design Studios",Design
778,730,52dea92d3cf9994f4e043dbb,"Discount Store","Discount Stores","Discount Store"
779,730,52f2ab2ebcbc57f1066b8b1a,"Dive Shop","Dive Shops","Dive Shop"
780,730,5745c2e4498e11e7bccabdbd,Drugstore,Drugstores,Drugstore
781,730,52f2ab2ebcbc57f1066b8b1d,"Dry Cleaner","Dry Cleaners","Dry Cleaner"
782,730,5032872391d4c4b30a586d64,"EV Charging Station","EV Charging Stations","EV Charging"
783,730,4bf58dd8d48988d122951735,"Electronics Store","Electronics Stores",Electronics
784,730,56aa371be4b08b9a8d573554,"Entertainment Service","Entertainment Services","Entertainment Service"
785,730,5454152e498ef71e2b9132c6,"Event Service","Event Services","Event Services"
786,730,52f2ab2ebcbc57f1066b8b26,"Fabric Shop","Fabric Shops","Fabric Shop"
787,730,56aa371be4b08b9a8d573523,"Film Studio","Film Studios","Film Studio"
788,730,503287a291d4c4b30a586d65,"Financial or Legal Service","Financial or Legal Services","Financial / Legal"
789,730,52f2ab2ebcbc57f1066b8b3a,"Fireworks Store","Fireworks Stores","Fireworks Store"
790,730,52f2ab2ebcbc57f1066b8b16,"Fishing Store","Fishing Stores","Fishing Store"
791,730,4bf58dd8d48988d1f7941735,"Flea Market","Flea Markets","Flea Market"
792,730,56aa371be4b08b9a8d573505,"Floating Market","Floating Markets","Floating Market"
793,730,4bf58dd8d48988d11b951735,"Flower Shop","Flower Shops","Flower Shop"
794,730,4bf58dd8d48988d1f9941735,"Food & Drink Shop","Food & Drink Shops","Food & Drink"
795,794,5370f356bcbc57f1066c94c2,"Beer Store","Beer Stores","Beer Store"
796,794,4bf58dd8d48988d11d951735,Butcher,Butchers,Butcher
797,794,4bf58dd8d48988d11e951735,"Cheese Shop","Cheese Shops","Cheese Shop"
798,794,5e18993feee47d000759b256,"Coffee Roaster","Coffee Roasters","Coffee Roaster"
799,794,58daa1558bbb0b01f18ec1ca,"Dairy Store","Dairy Stores","Dairy Store"
800,794,4bf58dd8d48988d1fa941735,"Farmers Market","Farmers Markets","Farmer's Market"
801,794,4bf58dd8d48988d10e951735,"Fish Market","Fish Markets","Fish Market"
802,794,56aa371be4b08b9a8d573550,"Food Service","Food Services","Food Service"
803,794,4bf58dd8d48988d1f5941735,"Gourmet Shop","Gourmet Shops",Gourmet
804,794,4bf58dd8d48988d118951735,"Grocery Store","Grocery Stores","Grocery Store"
805,794,50aa9e744b90af0d42d5de0e,"Health Food Store","Health Food Stores","Health Food Store"
806,794,5f2c41945b4c177b9a6dc7d6,"Imported Food Shop","Imported Food Shops","Imported Food"
807,794,58daa1558bbb0b01f18ec1e8,Kuruyemi??§i,Kuruyemi??§is,Kuruyemi??§i
808,794,4bf58dd8d48988d186941735,"Liquor Store","Liquor Stores","Liquor Store"
809,794,52f2ab2ebcbc57f1066b8b45,"Organic Grocery","Organic Groceries","Organic Grocery"
810,794,56aa371be4b08b9a8d573564,"Sausage Shop","Sausage Shops","Sausage Shop"
811,794,53e0feef498e5aac066fd8a9,"Street Food Gathering","Street Food Gatherings","Street Food Gathering"
812,794,52f2ab2ebcbc57f1066b8b46,Supermarket,Supermarkets,Supermarket
813,794,58daa1558bbb0b01f18ec1e5,Tur?ucu,Tur?ucus,Tur?ucu
814,794,4bf58dd8d48988d119951735,"Wine Shop","Wine Shops","Wine Shop"
815,730,52f2ab2ebcbc57f1066b8b24,"Frame Store","Frame Stores","Frame Store"
816,730,52f2ab2ebcbc57f1066b8b1c,"Fruit & Vegetable Store","Fruit & Vegetable Stores","Fruit & Vegetable Store"
817,730,4bf58dd8d48988d1f8941735,"Furniture / Home Store","Furniture / Home Stores","Furniture / Home"
818,817,55888a5a498e782e3303b43a,"Lighting Store","Lighting Stores",Lighting
819,730,4bf58dd8d48988d18d941735,"Gaming Cafe","Gaming Cafes","Gaming Cafe"
820,730,4eb1c0253b7b52c0e1adc2e9,"Garden Center","Garden Centers","Garden Center"
821,730,4bf58dd8d48988d113951735,"Gas Station","Gas Stations","Gas Station"
822,730,4bf58dd8d48988d128951735,"Gift Shop","Gift Shops","Gift Shop"
823,730,52f2ab2ebcbc57f1066b8b19,"Gun Shop","Gun Shops","Gun Shop"
824,730,4bf58dd8d48988d112951735,"Hardware Store","Hardware Stores",Hardware
825,730,54541900498ea6ccd0202697,"Health & Beauty Service","Health & Beauty Services","Health & Beauty"
826,730,52f2ab2ebcbc57f1066b8b2c,"Herbs & Spices Store","Herbs & Spices Stores","Herbs & Spices Store"
827,730,4bf58dd8d48988d1fb941735,"Hobby Shop","Hobby Shops",Hobbies
828,730,545419b1498ea6ccd0202f58,"Home Service","Home Services & Repairs","Home Services"
829,730,50aaa5234b90af0d42d5de12,"Hunting Supply","Hunting Supplies","Hunting Supply"
830,730,52f2ab2ebcbc57f1066b8b36,"IT Services","IT Services","IT Services"
831,730,58daa1558bbb0b01f18ec1f1,"Insurance Office","Insurance Offices","Insurance Office"
832,730,4bf58dd8d48988d1f0941735,"Internet Cafe","Internet Cafes","Internet Cafe"
833,730,4bf58dd8d48988d111951735,"Jewelry Store","Jewelry Stores",Jewelry
834,730,58daa1558bbb0b01f18ec1b4,"Kitchen Supply Store","Kitchen Supply Stores","Kitchen Supply"
835,730,52f2ab2ebcbc57f1066b8b25,"Knitting Store","Knitting Stores","Knitting Supplies"
836,730,52f2ab2ebcbc57f1066b8b33,Laundromat,Laundromats,Laundromat
837,730,4bf58dd8d48988d1fc941735,"Laundry Service","Laundry Services",Laundry
838,730,52f2ab2ebcbc57f1066b8b3f,Lawyer,Lawyers,Lawyer
839,730,52f2ab2ebcbc57f1066b8b2b,"Leather Goods Store","Leather Goods Stores","Leather Goods"
840,730,52f2ab2ebcbc57f1066b8b1e,Locksmith,Locksmiths,Locksmith
841,730,52f2ab2ebcbc57f1066b8b38,"Lottery Retailer","Lottery Retailers",Lottery
842,730,52f2ab2ebcbc57f1066b8b29,"Luggage Store","Luggage Stores","Luggage Store"
843,730,52c71aaf3cf9994f4e043d17,"Marijuana Dispensary","Marijuana Dispensaries",Dispensary
844,730,50be8ee891d4fa8dcc7199a7,Market,Markets,Market
845,730,52f2ab2ebcbc57f1066b8b3c,"Massage Studio","Massage Studios","Massage Studio"
846,730,52f2ab2ebcbc57f1066b8b27,"Mattress Store","Mattress Stores","Mattress Store"
847,730,58daa1558bbb0b01f18ec206,"Medical Supply Store","Medical Supply Stores","Medical Supply"
848,730,4bf58dd8d48988d1ff941735,"Miscellaneous Shop","Miscellaneous Shops",Shop
849,730,4f04afc02fb6e1c99f3db0bc,"Mobile Phone Shop","Mobile Phone Shops","Mobile Phones"
850,730,56aa371be4b08b9a8d57354a,"Mobility Store","Mobility Stores","Mobility Store"
851,730,5032833091d4c4b30a586d60,"Motorcycle Shop","Motorcycle Shops","Motorcycle Shop"
852,730,59d79d6b2e268052fa2a3332,"Motorsports Shop","Motorsports Shops","Motorsports Shop"
853,730,4bf58dd8d48988d1fe941735,"Music Store","Music Stores","Music Store"
854,730,4f04aa0c2fb6e1c99f3db0b8,"Nail Salon","Nail Salons","Nail Salon"
855,730,5f2c5a295b4c177b9a6ddd0e,Newsagent,Newsagents,Newsagent
856,730,4f04ad622fb6e1c99f3db0b9,Newsstand,Newsstands,Newsstand
857,730,5ae95d208a6f17002ce792b2,Notary,Notaries,Notary
858,730,4d954afda243a5684865b473,"Optical Shop","Optical Shops",Optical
859,730,52f2ab2ebcbc57f1066b8b2f,"Other Repair Shop","Other Repair Shops","Other Repair"
860,730,52f2ab2ebcbc57f1066b8b22,"Outdoor Supply Store","Outdoor Supply Stores","Outdoor Supplies"
861,730,5744ccdfe4b0c0459246b4df,"Outlet Mall","Outlet Malls","Outlet Mall"
862,730,52f2ab2ebcbc57f1066b8b35,"Outlet Store","Outlet Stores","Outlet Store"
863,730,4bf58dd8d48988d121951735,"Paper / Office Supplies Store","Paper / Office Supplies Stores","Office Supplies"
864,730,52f2ab2ebcbc57f1066b8b34,"Pawn Shop","Pawn Shops","Pawn Shop"
865,730,52f2ab2ebcbc57f1066b8b23,"Perfume Shop","Perfume Shops","Perfume Shop"
866,730,5032897c91d4c4b30a586d69,"Pet Service","Pet Services","Pet Service"
867,730,4bf58dd8d48988d100951735,"Pet Store","Pet Stores","Pet Store"
868,730,4bf58dd8d48988d10f951735,Pharmacy,Pharmacies,Pharmacy
869,730,4eb1bdde3b7b55596b4a7490,"Photography Lab","Photography Labs","Photography Lab"
870,730,554a5e17498efabeda6cc559,"Photography Studio","Photography Studios","Photo Studio"
871,730,52f2ab2ebcbc57f1066b8b20,"Piercing Parlor","Piercing Parlors","Piercing Parlor"
872,730,52f2ab2ebcbc57f1066b8b3d,"Pop-Up Shop","Pop-Up Shops","Pop-Up Shop"
873,730,52f2ab2ebcbc57f1066b8b28,"Print Shop","Print Shops","Print Shop"
874,730,5744ccdfe4b0c0459246b4c4,"Public Bathroom","Public Bathrooms","Public Bathroom"
875,730,5032885091d4c4b30a586d66,"Real Estate Office","Real Estate Offices","Real Estate"
876,730,4bf58dd8d48988d10d951735,"Record Shop","Record Shops","Record Shop"
877,730,52f2ab2ebcbc57f1066b8b37,"Recording Studio","Recording Studios","Recording Studio"
878,730,4f4531084b9074f6e4fb0101,"Recycling Facility","Recycling Facilities",Recycling
879,730,56aa371be4b08b9a8d573552,"Rental Service","Rental Services","Rental Service"
880,730,4bf58dd8d48988d110951735,"Salon / Barbershop","Salons / Barbershops","Salon / Barbershop"
881,730,58daa1558bbb0b01f18ec1ae,"Sauna / Steam Room","Saunas / Steam Rooms","Sauna / Steam Room"
882,730,52f2ab2ebcbc57f1066b8b1f,"Shipping Store","Shipping Stores","Shipping Store"
883,730,52f2ab2ebcbc57f1066b8b39,"Shoe Repair","Shoe Repair Shops","Shoe Repair"
884,730,4bf58dd8d48988d1fd941735,"Shopping Mall","Shopping Malls",Mall
885,730,5744ccdfe4b0c0459246b4dc,"Shopping Plaza","Shopping Plazas","Shopping Plaza"
886,730,5bae9231bedf3950379f89d2,"Skate Shop","Skate Shops","Skate Shop"
887,730,56aa371be4b08b9a8d573566,"Ski Shop","Ski Shops","Ski Shop"
888,730,4bf58dd8d48988d123951735,"Smoke Shop","Smoke Shops","Smoke Shop"
889,730,52f2ab2ebcbc57f1066b8b41,"Smoothie Shop","Smoothie Shops","Smoothie Shop"
890,730,52f2ab2ebcbc57f1066b8b1b,"Souvenir Shop","Souvenir Shops","Souvenir Shop"
891,730,4bf58dd8d48988d1ed941735,Spa,Spas,Spa
892,730,4bf58dd8d48988d1f2941735,"Sporting Goods Shop","Sporting Goods Shops","Sporting Goods"
893,730,52f2ab2ebcbc57f1066b8b21,"Stationery Store","Stationery Stores","Stationery Store"
894,730,4f04b1572fb6e1c99f3db0bf,"Storage Facility","Storage Facilities",Storage
895,730,5744ccdfe4b0c0459246b4cd,"Supplement Shop","Supplement Shops","Supplement Shop"
896,730,5032781d91d4c4b30a586d5b,"Tailor Shop","Tailor Shops",Tailor
897,730,4d1cf8421a97d635ce361c31,"Tanning Salon","Tanning Salons","Tanning Salon"
898,730,4bf58dd8d48988d1de931735,"Tattoo Parlor","Tattoo Parlors",Tattoo
899,730,4bf58dd8d48988d101951735,"Thrift / Vintage Store","Thrift / Vintage Stores","Thrift / Vintage"
900,730,4bf58dd8d48988d1f3941735,"Toy / Game Store","Toy / Game Stores","Toys & Games"
901,730,4f04b08c2fb6e1c99f3db0bd,"Travel Agency","Travel Agencies","Travel Agency"
902,730,52f2ab2ebcbc57f1066b8b30,"Used Bookstore","Used Bookstores","Used Bookstore"
903,730,56aa371be4b08b9a8d57355c,"Vape Store","Vape Stores","Vape Store"
904,730,5f2c1e0db6d05514c70436d4,"Vehicle Inspection Station","Vehicle Inspection Stations","Vehicle Inspection Station"
905,730,4bf58dd8d48988d10b951735,"Video Game Store","Video Game Stores","Video Games"
906,730,4bf58dd8d48988d126951735,"Video Store","Video Stores","Video Store"
907,730,52e816a6bcbc57f1066b7a54,"Warehouse Store","Warehouse Stores","Warehouse Store"
908,730,52f2ab2ebcbc57f1066b8b2e,"Watch Shop","Watch Shops","Watch Shops"
909,NULL,4d4b7105d754a06379d81259,"Travel & Transport","Travel & Transport",Travel
910,909,4bf58dd8d48988d1ed931735,Airport,Airports,Airport
911,910,5f2c42335b4c177b9a6dc927,Airfield,Airfields,Airfield
912,910,4bf58dd8d48988d1ef931735,"Airport Food Court","Airport Food Courts","Food Court"
913,910,4bf58dd8d48988d1f0931735,"Airport Gate","Airport Gates",Gate
914,910,4eb1bc533b7b2c5b1d4306cb,"Airport Lounge","Airport Lounges",Lounge
915,910,56aa371be4b08b9a8d57352f,"Airport Service","Airport Services","Airport Service"
916,910,4bf58dd8d48988d1eb931735,"Airport Terminal","Airport Terminals",Terminal
917,910,4bf58dd8d48988d1ec931735,"Airport Tram","Airport Trams",Tram
918,910,5744ccdfe4b0c0459246b4e5,"Baggage Claim","Baggage Claims","Baggage Claim"
919,910,4bf58dd8d48988d1f7931735,Plane,Planes,Plane
920,909,5744ccdfe4b0c0459246b4e8,"Baggage Locker","Baggage Lockers","Baggage Locker"
921,909,4e4c9077bd41f78e849722f9,"Bike Rental / Bike Share","Bike Rentals / Bike Shares",Bike
922,909,5744ccdfe4b0c0459246b4c1,"Boat Rental","Boat Rentals","Boat Rental"
923,909,4bf58dd8d48988d12d951735,"Boat or Ferry","Boats or Ferries","Boat / Ferry"
924,909,52f2ab2ebcbc57f1066b8b4b,"Border Crossing","Border Crossings","Border Crossing"
925,909,4bf58dd8d48988d1fe931735,"Bus Station","Bus Stations","Bus Station"
926,925,4bf58dd8d48988d12b951735,"Bus Line","Bus Lines",Bus
927,909,52f2ab2ebcbc57f1066b8b4f,"Bus Stop","Bus Stops","Bus Stop"
928,909,52f2ab2ebcbc57f1066b8b50,"Cable Car","Cable Cars","Cable Car"
929,909,55077a22498e5e9248869ba2,"Cruise Ship","Cruise Ships",Cruise
930,909,589ddde98ae3635c072819ee,"Duty-free Shop","Duty-free Shops",Duty-free
931,909,4bf58dd8d48988d1f6931735,"General Travel","General Travel",Travel
932,909,56aa371ce4b08b9a8d57356e,Heliport,Heliports,Heliport
933,909,4bf58dd8d48988d1fa931735,Hotel,Hotels,Hotel
934,933,4bf58dd8d48988d1f8931735,"Bed & Breakfast","Bed & Breakfasts","B & B"
935,933,4f4530a74b9074f6e4fb0100,"Boarding House","Boarding Houses",Boarding
936,933,4bf58dd8d48988d1ee931735,Hostel,Hostels,Hostel
937,933,4bf58dd8d48988d132951735,"Hotel Pool","Hotel Pools",Pool
938,933,5bae9231bedf3950379f89cb,Inn,Inns,Inn
939,933,4bf58dd8d48988d1fb931735,Motel,Motels,Motel
940,933,4bf58dd8d48988d12f951735,Resort,Resorts,Resort
941,933,56aa371be4b08b9a8d5734e1,"Vacation Rental","Vacation Rentals","Vacation Rental"
942,909,52f2ab2ebcbc57f1066b8b4c,Intersection,Intersections,Intersection
943,909,4bf58dd8d48988d1fc931735,"Light Rail Station","Light Rail Stations","Light Rail"
944,909,5f2c1af1b6d05514c704319d,"Marine Terminal","Marine Terminals",Port
945,909,4bf58dd8d48988d1fd931735,"Metro Station","Metro Stations",Metro
946,909,4f2a23984b9023bd5841ed2c,"Moving Target","Moving Targets","Moving Target"
947,909,4e74f6cabd41c4836eac4c31,Pier,Piers,Piers
948,909,56aa371be4b08b9a8d57353e,Port,Ports,Port
949,909,52f2ab2ebcbc57f1066b8b53,"RV Park","RV Parks","RV Park"
950,909,4bf58dd8d48988d1ef941735,"Rental Car Location","Rental Car Locations","Rental Car"
951,909,4d954b16a243a5684b65b473,"Rest Area","Rest Areas","Rest Areas"
952,909,4bf58dd8d48988d1f9931735,Road,Roads,Road
953,909,53fca564498e1a175f32528b,"Taxi Stand","Taxi Stands","Taxi Stand"
954,909,4bf58dd8d48988d130951735,Taxi,Taxis,Taxi
955,909,52f2ab2ebcbc57f1066b8b4d,"Toll Booth","Toll Booths","Toll Booth"
956,909,52f2ab2ebcbc57f1066b8b4e,"Toll Plaza","Toll Plazas","Toll Plaza"
957,909,4f4530164b9074f6e4fb00ff,"Tourist Information Center","Tourist Information Centers","Tourist Information"
958,909,4bf58dd8d48988d129951735,"Train Station","Train Stations","Train Station"
959,958,4f4531504b9074f6e4fb0102,Platform,Platforms,Platform
960,958,4bf58dd8d48988d12a951735,Train,Trains,Train
961,909,52f2ab2ebcbc57f1066b8b51,"Tram Station","Tram Stations",Tram
962,909,54541b70498ea6ccd0204bff,"Transportation Service","Transportation Services","Transportation Services"
963,909,4f04b25d2fb6e1c99f3db0c0,"Travel Lounge","Travel Lounges",Lounge
964,909,57558b36e4b065ecebd306dd,"Truck Stop","Truck Stops","Truck Stop"
965,909,52f2ab2ebcbc57f1066b8b4a,Tunnel,Tunnels,Tunnel
