id,venue_menu_id,menuId,name,description,sections_count
1,1,NULL,NULL,NULL,0
2,2,NULL,NULL,NULL,0
3,3,NULL,NULL,NULL,0
4,4,NULL,NULL,NULL,0
5,5,NULL,NULL,NULL,0
6,6,NULL,NULL,NULL,0
7,7,NULL,NULL,NULL,0
8,8,NULL,NULL,NULL,0
9,9,NULL,NULL,NULL,0
10,10,NULL,NULL,NULL,0
11,11,NULL,NULL,NULL,0
12,12,NULL,NULL,NULL,0
13,13,NULL,NULL,NULL,0
14,14,NULL,NULL,NULL,0
15,15,NULL,NULL,NULL,0
16,16,NULL,NULL,NULL,0
17,17,NULL,NULL,NULL,0
18,18,NULL,NULL,NULL,0
19,19,NULL,NULL,NULL,0
20,20,NULL,NULL,NULL,0
21,21,NULL,NULL,NULL,0
22,22,NULL,NULL,NULL,0
23,23,NULL,NULL,NULL,0
24,24,NULL,NULL,NULL,0
25,25,NULL,NULL,NULL,0
26,26,NULL,NULL,NULL,0
27,27,NULL,NULL,NULL,0
28,28,NULL,NULL,NULL,0
29,29,NULL,NULL,NULL,0
30,30,NULL,NULL,NULL,0
31,31,NULL,NULL,NULL,0
32,32,NULL,NULL,NULL,0
33,33,NULL,NULL,NULL,0
34,34,NULL,NULL,NULL,0
35,35,NULL,NULL,NULL,0
36,36,NULL,NULL,NULL,0
37,37,NULL,NULL,NULL,0
38,38,NULL,NULL,NULL,0
39,39,NULL,NULL,NULL,0
40,40,NULL,NULL,NULL,0
41,41,NULL,NULL,NULL,0
42,42,NULL,NULL,NULL,0
43,43,NULL,NULL,NULL,0
44,44,NULL,NULL,NULL,0
45,45,NULL,NULL,NULL,0
46,46,NULL,NULL,NULL,0
47,47,NULL,NULL,NULL,0
48,48,NULL,NULL,NULL,0
49,49,NULL,NULL,NULL,0
50,50,NULL,NULL,NULL,0
51,51,NULL,NULL,NULL,0
52,52,NULL,NULL,NULL,0
53,53,NULL,NULL,NULL,0
54,54,NULL,NULL,NULL,0
55,55,NULL,NULL,NULL,0
56,56,NULL,NULL,NULL,0
57,57,NULL,NULL,NULL,0
58,58,NULL,NULL,NULL,0
59,59,NULL,NULL,NULL,0
60,60,NULL,NULL,NULL,0
61,61,NULL,NULL,NULL,0
62,62,NULL,NULL,NULL,0
63,63,NULL,NULL,NULL,0
64,64,NULL,NULL,NULL,0
65,65,NULL,NULL,NULL,0
66,66,NULL,NULL,NULL,0
67,67,NULL,NULL,NULL,0
68,68,NULL,NULL,NULL,0
69,69,NULL,NULL,NULL,0
70,70,NULL,NULL,NULL,0
71,71,NULL,NULL,NULL,0
72,72,NULL,NULL,NULL,0
73,73,NULL,NULL,NULL,0
74,74,NULL,NULL,NULL,0
75,75,NULL,NULL,NULL,0
76,76,NULL,NULL,NULL,0
77,77,NULL,NULL,NULL,0
78,78,NULL,NULL,NULL,0
79,79,NULL,NULL,NULL,0
80,80,NULL,NULL,NULL,0
81,81,NULL,NULL,NULL,0
82,82,NULL,NULL,NULL,0
83,83,NULL,NULL,NULL,0
84,84,NULL,NULL,NULL,0
85,85,NULL,NULL,NULL,0
86,86,NULL,NULL,NULL,0
87,87,NULL,NULL,NULL,0
88,88,NULL,NULL,NULL,0
89,89,NULL,NULL,NULL,0
90,90,NULL,NULL,NULL,0
91,91,NULL,NULL,NULL,0
92,92,NULL,NULL,NULL,0
93,93,NULL,NULL,NULL,0
94,94,NULL,NULL,NULL,0
95,95,NULL,NULL,NULL,0
96,96,NULL,NULL,NULL,0
97,97,NULL,NULL,NULL,0
98,98,NULL,NULL,NULL,0
99,99,NULL,NULL,NULL,0
100,100,NULL,NULL,NULL,0
101,101,NULL,NULL,NULL,0
102,102,NULL,NULL,NULL,0
103,103,NULL,NULL,NULL,0
104,104,NULL,NULL,NULL,0
105,105,NULL,NULL,NULL,0
106,106,NULL,NULL,NULL,0
107,107,NULL,NULL,NULL,0
108,108,NULL,NULL,NULL,0
109,109,NULL,NULL,NULL,0
110,110,NULL,NULL,NULL,0
111,111,NULL,NULL,NULL,0
112,112,NULL,NULL,NULL,0
113,113,NULL,NULL,NULL,0
114,114,NULL,NULL,NULL,0
115,115,NULL,NULL,NULL,0
116,116,NULL,NULL,NULL,0
117,117,NULL,NULL,NULL,0
118,118,NULL,NULL,NULL,0
119,119,NULL,NULL,NULL,0
120,120,NULL,NULL,NULL,0
121,121,NULL,NULL,NULL,0
122,122,NULL,NULL,NULL,0
123,123,NULL,NULL,NULL,0
124,124,NULL,NULL,NULL,0
125,125,NULL,NULL,NULL,0
126,126,NULL,NULL,NULL,0
127,127,NULL,NULL,NULL,0
128,128,NULL,NULL,NULL,0
129,129,NULL,NULL,NULL,0
130,130,NULL,NULL,NULL,0
131,131,NULL,NULL,NULL,0
132,132,NULL,NULL,NULL,0
133,133,NULL,NULL,NULL,0
134,134,NULL,NULL,NULL,0
135,135,NULL,NULL,NULL,0
136,136,NULL,NULL,NULL,0
137,137,NULL,NULL,NULL,0
138,138,NULL,NULL,NULL,0
139,139,NULL,NULL,NULL,0
140,140,NULL,NULL,NULL,0
141,141,NULL,NULL,NULL,0
142,142,NULL,NULL,NULL,0
143,143,NULL,NULL,NULL,0
144,144,NULL,NULL,NULL,0
145,145,NULL,NULL,NULL,0
146,146,NULL,NULL,NULL,0
147,147,NULL,NULL,NULL,0
148,148,NULL,NULL,NULL,0
149,149,NULL,NULL,NULL,0
150,150,NULL,NULL,NULL,0
151,151,NULL,NULL,NULL,0
152,152,NULL,NULL,NULL,0
153,153,NULL,NULL,NULL,0
154,154,NULL,NULL,NULL,0
155,155,NULL,NULL,NULL,0
156,156,NULL,NULL,NULL,0
157,157,NULL,NULL,NULL,0
158,158,NULL,NULL,NULL,0
159,159,NULL,NULL,NULL,0
160,160,NULL,NULL,NULL,0
161,161,NULL,NULL,NULL,0
162,162,NULL,NULL,NULL,0
163,163,NULL,NULL,NULL,0
164,164,NULL,NULL,NULL,0
165,165,NULL,NULL,NULL,0
166,166,NULL,NULL,NULL,0
167,167,NULL,NULL,NULL,0
168,168,NULL,NULL,NULL,0
169,169,NULL,NULL,NULL,0
170,170,NULL,NULL,NULL,0
171,171,NULL,NULL,NULL,0
172,172,NULL,NULL,NULL,0
173,173,NULL,NULL,NULL,0
174,174,NULL,NULL,NULL,0
175,175,NULL,NULL,NULL,0
176,176,NULL,NULL,NULL,0
177,177,NULL,NULL,NULL,0
178,178,NULL,NULL,NULL,0
179,179,NULL,NULL,NULL,0
180,180,NULL,NULL,NULL,0
181,181,NULL,NULL,NULL,0
182,182,NULL,NULL,NULL,0
183,183,NULL,NULL,NULL,0
184,184,NULL,NULL,NULL,0
185,185,NULL,NULL,NULL,0
186,186,NULL,NULL,NULL,0
187,187,NULL,NULL,NULL,0
188,188,NULL,NULL,NULL,0
189,189,NULL,NULL,NULL,0
190,190,NULL,NULL,NULL,0
191,191,NULL,NULL,NULL,0
192,192,NULL,NULL,NULL,0
193,193,NULL,NULL,NULL,0
194,194,NULL,NULL,NULL,0
195,195,NULL,NULL,NULL,0
196,196,NULL,NULL,NULL,0
197,197,NULL,NULL,NULL,0
198,198,NULL,NULL,NULL,0
199,199,NULL,NULL,NULL,0
200,200,NULL,NULL,NULL,0
201,201,NULL,NULL,NULL,0
202,202,NULL,NULL,NULL,0
203,203,NULL,NULL,NULL,0
204,204,NULL,NULL,NULL,0
205,205,NULL,NULL,NULL,0
206,206,NULL,NULL,NULL,0
207,207,NULL,NULL,NULL,0
208,208,NULL,NULL,NULL,0
209,209,NULL,NULL,NULL,0
210,210,NULL,NULL,NULL,0
211,211,NULL,NULL,NULL,0
212,212,NULL,NULL,NULL,0
213,213,NULL,NULL,NULL,0
214,214,NULL,NULL,NULL,0
215,215,NULL,NULL,NULL,0
216,216,NULL,NULL,NULL,0
217,217,NULL,NULL,NULL,0
218,218,NULL,NULL,NULL,0
219,219,NULL,NULL,NULL,0
220,220,NULL,NULL,NULL,0
221,221,NULL,NULL,NULL,0
222,222,NULL,NULL,NULL,0
223,223,NULL,NULL,NULL,0
224,224,NULL,NULL,NULL,0
225,225,NULL,NULL,NULL,0
226,226,NULL,NULL,NULL,0
227,227,NULL,NULL,NULL,0
228,228,NULL,NULL,NULL,0
229,229,NULL,NULL,NULL,0
230,230,NULL,NULL,NULL,0
231,231,NULL,NULL,NULL,0
232,232,NULL,NULL,NULL,0
233,233,NULL,NULL,NULL,0
234,234,NULL,NULL,NULL,0
235,235,NULL,NULL,NULL,0
236,236,NULL,NULL,NULL,0
237,237,NULL,NULL,NULL,0
238,238,NULL,NULL,NULL,0
239,239,NULL,NULL,NULL,0
240,240,NULL,NULL,NULL,0
241,241,NULL,NULL,NULL,0
242,242,NULL,NULL,NULL,0
243,243,NULL,NULL,NULL,0
244,244,NULL,NULL,NULL,0
245,245,NULL,NULL,NULL,0
246,246,NULL,NULL,NULL,0
247,247,NULL,NULL,NULL,0
248,248,NULL,NULL,NULL,0
249,249,NULL,NULL,NULL,0
250,250,NULL,NULL,NULL,0
251,251,NULL,NULL,NULL,0
252,252,NULL,NULL,NULL,0
253,253,NULL,NULL,NULL,0
254,254,NULL,NULL,NULL,0
255,255,NULL,NULL,NULL,0
256,256,NULL,NULL,NULL,0
257,257,NULL,NULL,NULL,0
258,258,NULL,NULL,NULL,0
259,259,NULL,NULL,NULL,0
260,260,NULL,NULL,NULL,0
261,261,NULL,NULL,NULL,0
262,262,NULL,NULL,NULL,0
263,263,NULL,NULL,NULL,0
264,264,NULL,NULL,NULL,0
265,265,NULL,NULL,NULL,0
266,266,NULL,NULL,NULL,0
267,267,NULL,NULL,NULL,0
268,268,NULL,NULL,NULL,0
269,269,NULL,NULL,NULL,0
270,270,NULL,NULL,NULL,0
271,271,NULL,NULL,NULL,0
272,272,NULL,NULL,NULL,0
273,273,NULL,NULL,NULL,0
274,274,NULL,NULL,NULL,0
275,275,NULL,NULL,NULL,0
276,276,NULL,NULL,NULL,0
277,277,NULL,NULL,NULL,0
278,278,NULL,NULL,NULL,0
279,279,NULL,NULL,NULL,0
280,280,NULL,NULL,NULL,0
281,281,NULL,NULL,NULL,0
282,282,NULL,NULL,NULL,0
283,283,NULL,NULL,NULL,0
284,284,NULL,NULL,NULL,0
285,285,NULL,NULL,NULL,0
286,286,NULL,NULL,NULL,0
287,287,NULL,NULL,NULL,0
288,288,NULL,NULL,NULL,0
289,289,NULL,NULL,NULL,0
290,290,NULL,NULL,NULL,0
291,291,NULL,NULL,NULL,0
292,292,NULL,NULL,NULL,0
293,293,NULL,NULL,NULL,0
294,294,NULL,NULL,NULL,0
295,295,NULL,NULL,NULL,0
296,296,NULL,NULL,NULL,0
297,297,NULL,NULL,NULL,0
298,298,NULL,NULL,NULL,0
299,299,NULL,NULL,NULL,0
300,300,NULL,NULL,NULL,0
301,301,NULL,NULL,NULL,0
302,302,NULL,NULL,NULL,0
303,303,NULL,NULL,NULL,0
304,304,NULL,NULL,NULL,0
305,305,NULL,NULL,NULL,0
306,306,NULL,NULL,NULL,0
307,307,NULL,NULL,NULL,0
308,308,NULL,NULL,NULL,0
309,309,NULL,NULL,NULL,0
310,310,NULL,NULL,NULL,0
311,311,NULL,NULL,NULL,0
312,312,NULL,NULL,NULL,0
313,313,NULL,NULL,NULL,0
314,314,NULL,NULL,NULL,0
315,315,NULL,NULL,NULL,0
316,316,NULL,NULL,NULL,0
317,317,NULL,NULL,NULL,0
318,318,NULL,NULL,NULL,0
319,319,NULL,NULL,NULL,0
320,320,NULL,NULL,NULL,0
321,321,NULL,NULL,NULL,0
322,322,NULL,NULL,NULL,0
323,323,NULL,NULL,NULL,0
324,324,NULL,NULL,NULL,0
325,325,NULL,NULL,NULL,0
326,326,NULL,NULL,NULL,0
327,327,NULL,NULL,NULL,0
328,328,NULL,NULL,NULL,0
329,329,NULL,NULL,NULL,0
330,330,NULL,NULL,NULL,0
331,331,NULL,NULL,NULL,0
332,332,NULL,NULL,NULL,0
333,333,NULL,NULL,NULL,0
334,334,NULL,NULL,NULL,0
335,335,NULL,NULL,NULL,0
336,336,NULL,NULL,NULL,0
337,337,NULL,NULL,NULL,0
338,338,NULL,NULL,NULL,0
339,339,NULL,NULL,NULL,0
340,340,NULL,NULL,NULL,0
341,341,NULL,NULL,NULL,0
342,342,NULL,NULL,NULL,0
343,343,NULL,NULL,NULL,0
344,344,NULL,NULL,NULL,0
345,345,NULL,NULL,NULL,0
346,346,NULL,NULL,NULL,0
347,347,NULL,NULL,NULL,0
348,348,NULL,NULL,NULL,0
349,349,NULL,NULL,NULL,0
350,350,NULL,NULL,NULL,0
351,351,NULL,NULL,NULL,0
352,352,NULL,NULL,NULL,0
353,353,NULL,NULL,NULL,0
354,354,NULL,NULL,NULL,0
355,355,NULL,NULL,NULL,0
356,356,NULL,NULL,NULL,0
357,357,NULL,NULL,NULL,0
358,358,NULL,NULL,NULL,0
359,359,NULL,NULL,NULL,0
360,360,NULL,NULL,NULL,0
361,361,NULL,NULL,NULL,0
362,362,NULL,NULL,NULL,0
363,363,NULL,NULL,NULL,0
364,364,NULL,NULL,NULL,0
365,365,NULL,NULL,NULL,0
366,366,NULL,NULL,NULL,0
367,367,NULL,NULL,NULL,0
368,368,NULL,NULL,NULL,0
369,369,NULL,NULL,NULL,0
370,370,NULL,NULL,NULL,0
371,371,NULL,NULL,NULL,0
372,372,NULL,NULL,NULL,0
373,373,NULL,NULL,NULL,0
374,374,NULL,NULL,NULL,0
375,375,NULL,NULL,NULL,0
376,376,NULL,NULL,NULL,0
377,377,NULL,NULL,NULL,0
378,378,NULL,NULL,NULL,0
379,379,NULL,NULL,NULL,0
380,380,NULL,NULL,NULL,0
381,381,NULL,NULL,NULL,0
382,382,NULL,NULL,NULL,0
383,383,NULL,NULL,NULL,0
384,384,NULL,NULL,NULL,0
385,385,NULL,NULL,NULL,0
386,386,NULL,NULL,NULL,0
387,387,NULL,NULL,NULL,0
388,388,NULL,NULL,NULL,0
389,389,NULL,NULL,NULL,0
390,390,NULL,NULL,NULL,0
391,391,NULL,NULL,NULL,0
392,392,NULL,NULL,NULL,0
393,393,NULL,NULL,NULL,0
394,394,NULL,NULL,NULL,0
395,395,NULL,NULL,NULL,0
396,396,NULL,NULL,NULL,0
397,397,NULL,NULL,NULL,0
398,398,NULL,NULL,NULL,0
399,399,NULL,NULL,NULL,0
400,400,NULL,NULL,NULL,0
401,401,NULL,NULL,NULL,0
402,402,NULL,NULL,NULL,0
403,403,NULL,NULL,NULL,0
404,404,NULL,NULL,NULL,0
405,405,NULL,NULL,NULL,0
406,406,NULL,NULL,NULL,0
407,407,NULL,NULL,NULL,0
408,408,NULL,NULL,NULL,0
409,409,NULL,NULL,NULL,0
410,410,NULL,NULL,NULL,0
411,411,NULL,NULL,NULL,0
412,412,NULL,NULL,NULL,0
413,413,NULL,NULL,NULL,0
414,414,NULL,NULL,NULL,0
415,415,NULL,NULL,NULL,0
416,416,NULL,NULL,NULL,0
417,417,NULL,NULL,NULL,0
418,418,NULL,NULL,NULL,0
419,419,NULL,NULL,NULL,0
420,420,NULL,NULL,NULL,0
421,421,NULL,NULL,NULL,0
422,422,NULL,NULL,NULL,0
423,423,NULL,NULL,NULL,0
424,424,NULL,NULL,NULL,0
425,425,NULL,NULL,NULL,0
426,426,NULL,NULL,NULL,0
427,427,NULL,NULL,NULL,0
428,428,NULL,NULL,NULL,0
429,429,NULL,NULL,NULL,0
430,430,NULL,NULL,NULL,0
431,431,NULL,NULL,NULL,0
432,432,NULL,NULL,NULL,0
433,433,NULL,NULL,NULL,0
434,434,NULL,NULL,NULL,0
435,435,NULL,NULL,NULL,0
436,436,NULL,NULL,NULL,0
437,437,NULL,NULL,NULL,0
438,438,NULL,NULL,NULL,0
439,439,NULL,NULL,NULL,0
440,440,NULL,NULL,NULL,0
441,441,NULL,NULL,NULL,0
442,442,NULL,NULL,NULL,0
443,443,NULL,NULL,NULL,0
444,444,NULL,NULL,NULL,0
445,445,NULL,NULL,NULL,0
446,446,NULL,NULL,NULL,0
447,447,NULL,NULL,NULL,0
448,448,NULL,NULL,NULL,0
449,449,NULL,NULL,NULL,0
450,450,NULL,NULL,NULL,0
451,451,NULL,NULL,NULL,0
452,452,NULL,NULL,NULL,0
453,453,NULL,NULL,NULL,0
454,454,NULL,NULL,NULL,0
455,455,NULL,NULL,NULL,0
456,456,NULL,NULL,NULL,0
457,457,NULL,NULL,NULL,0
458,458,NULL,NULL,NULL,0
459,459,NULL,NULL,NULL,0
460,460,NULL,NULL,NULL,0
461,461,NULL,NULL,NULL,0
462,462,NULL,NULL,NULL,0
463,463,NULL,NULL,NULL,0
464,464,NULL,NULL,NULL,0
465,465,NULL,NULL,NULL,0
466,466,NULL,NULL,NULL,0
467,467,NULL,NULL,NULL,0
468,468,NULL,NULL,NULL,0
469,469,NULL,NULL,NULL,0
470,470,NULL,NULL,NULL,0
471,471,NULL,NULL,NULL,0
472,472,NULL,NULL,NULL,0
473,473,NULL,NULL,NULL,0
474,474,NULL,NULL,NULL,0
475,475,NULL,NULL,NULL,0
476,476,NULL,NULL,NULL,0
477,477,NULL,NULL,NULL,0
478,478,NULL,NULL,NULL,0
479,479,NULL,NULL,NULL,0
480,480,NULL,NULL,NULL,0
481,481,NULL,NULL,NULL,0
482,482,NULL,NULL,NULL,0
483,483,NULL,NULL,NULL,0
484,484,NULL,NULL,NULL,0
485,485,NULL,NULL,NULL,0
486,486,NULL,NULL,NULL,0
487,487,NULL,NULL,NULL,0
488,488,NULL,NULL,NULL,0
489,489,NULL,NULL,NULL,0
490,490,NULL,NULL,NULL,0
491,491,NULL,NULL,NULL,0
492,492,NULL,NULL,NULL,0
493,493,NULL,NULL,NULL,0
494,494,NULL,NULL,NULL,0
495,495,NULL,NULL,NULL,0
496,496,NULL,NULL,NULL,0
497,497,NULL,NULL,NULL,0
498,498,NULL,NULL,NULL,0
499,499,NULL,NULL,NULL,0
500,500,NULL,NULL,NULL,0
501,501,NULL,NULL,NULL,0
502,502,NULL,NULL,NULL,0
503,503,NULL,NULL,NULL,0
504,504,NULL,NULL,NULL,0
505,505,NULL,NULL,NULL,0
506,506,NULL,NULL,NULL,0
507,507,NULL,NULL,NULL,0
508,508,NULL,NULL,NULL,0
509,509,NULL,NULL,NULL,0
510,510,NULL,NULL,NULL,0
511,511,NULL,NULL,NULL,0
512,512,NULL,NULL,NULL,0
513,513,NULL,NULL,NULL,0
514,514,NULL,NULL,NULL,0
515,515,NULL,NULL,NULL,0
516,516,NULL,NULL,NULL,0
517,517,NULL,NULL,NULL,0
518,518,NULL,NULL,NULL,0
519,519,NULL,NULL,NULL,0
520,520,NULL,NULL,NULL,0
521,521,NULL,NULL,NULL,0
522,522,NULL,NULL,NULL,0
523,523,NULL,NULL,NULL,0
524,524,NULL,NULL,NULL,0
525,525,NULL,NULL,NULL,0
526,526,NULL,NULL,NULL,0
527,527,NULL,NULL,NULL,0
528,528,NULL,NULL,NULL,0
529,529,NULL,NULL,NULL,0
530,530,NULL,NULL,NULL,0
531,531,NULL,NULL,NULL,0
532,532,NULL,NULL,NULL,0
533,533,NULL,NULL,NULL,0
534,534,NULL,NULL,NULL,0
535,535,NULL,NULL,NULL,0
536,536,NULL,NULL,NULL,0
537,537,NULL,NULL,NULL,0
538,538,NULL,NULL,NULL,0
539,539,NULL,NULL,NULL,0
540,540,NULL,NULL,NULL,0
541,541,NULL,NULL,NULL,0
542,542,NULL,NULL,NULL,0
543,543,NULL,NULL,NULL,0
544,544,NULL,NULL,NULL,0
545,545,NULL,NULL,NULL,0
546,546,NULL,NULL,NULL,0
547,547,NULL,NULL,NULL,0
548,548,NULL,NULL,NULL,0
549,549,NULL,NULL,NULL,0
550,550,NULL,NULL,NULL,0
551,551,NULL,NULL,NULL,0
552,552,NULL,NULL,NULL,0
553,553,NULL,NULL,NULL,0
554,554,NULL,NULL,NULL,0
555,555,NULL,NULL,NULL,0
556,556,NULL,NULL,NULL,0
557,557,NULL,NULL,NULL,0
558,558,NULL,NULL,NULL,0
559,559,NULL,NULL,NULL,0
560,560,NULL,NULL,NULL,0
561,561,NULL,NULL,NULL,0
562,562,NULL,NULL,NULL,0
563,563,NULL,NULL,NULL,0
564,564,NULL,NULL,NULL,0
565,565,NULL,NULL,NULL,0
566,566,NULL,NULL,NULL,0
567,567,NULL,NULL,NULL,0
568,568,NULL,NULL,NULL,0
569,569,NULL,NULL,NULL,0
570,570,NULL,NULL,NULL,0
571,571,NULL,NULL,NULL,0
572,572,NULL,NULL,NULL,0
573,573,NULL,NULL,NULL,0
574,574,NULL,NULL,NULL,0
575,575,NULL,NULL,NULL,0
576,576,NULL,NULL,NULL,0
577,577,NULL,NULL,NULL,0
578,578,NULL,NULL,NULL,0
579,579,NULL,NULL,NULL,0
580,580,NULL,NULL,NULL,0
581,581,NULL,NULL,NULL,0
582,582,NULL,NULL,NULL,0
583,583,NULL,NULL,NULL,0
584,584,NULL,NULL,NULL,0
585,585,NULL,NULL,NULL,0
586,586,NULL,NULL,NULL,0
587,587,NULL,NULL,NULL,0
588,588,NULL,NULL,NULL,0
589,589,NULL,NULL,NULL,0
590,590,NULL,NULL,NULL,0
591,591,NULL,NULL,NULL,0
592,592,NULL,NULL,NULL,0
593,593,NULL,NULL,NULL,0
594,594,NULL,NULL,NULL,0
595,595,NULL,NULL,NULL,0
596,596,NULL,NULL,NULL,0
597,597,NULL,NULL,NULL,0
598,598,NULL,NULL,NULL,0
599,599,NULL,NULL,NULL,0
600,600,NULL,NULL,NULL,0
601,601,NULL,NULL,NULL,0
602,602,NULL,NULL,NULL,0
603,603,NULL,NULL,NULL,0
604,604,NULL,NULL,NULL,0
605,605,NULL,NULL,NULL,0
606,606,NULL,NULL,NULL,0
607,607,NULL,NULL,NULL,0
608,608,NULL,NULL,NULL,0
609,609,NULL,NULL,NULL,0
610,610,NULL,NULL,NULL,0
611,611,NULL,NULL,NULL,0
612,612,NULL,NULL,NULL,0
613,613,NULL,NULL,NULL,0
614,614,NULL,NULL,NULL,0
615,615,NULL,NULL,NULL,0
616,616,NULL,NULL,NULL,0
617,617,NULL,NULL,NULL,0
618,618,NULL,NULL,NULL,0
619,619,NULL,NULL,NULL,0
620,620,NULL,NULL,NULL,0
621,621,NULL,NULL,NULL,0
622,622,NULL,NULL,NULL,0
623,623,NULL,NULL,NULL,0
624,624,NULL,NULL,NULL,0
625,625,NULL,NULL,NULL,0
626,626,NULL,NULL,NULL,0
627,627,NULL,NULL,NULL,0
628,628,NULL,NULL,NULL,0
629,629,NULL,NULL,NULL,0
630,630,NULL,NULL,NULL,0
631,631,NULL,NULL,NULL,0
632,632,NULL,NULL,NULL,0
633,633,NULL,NULL,NULL,0
634,634,NULL,NULL,NULL,0
635,635,NULL,NULL,NULL,0
636,636,NULL,NULL,NULL,0
637,637,NULL,NULL,NULL,0
638,638,NULL,NULL,NULL,0
639,639,NULL,NULL,NULL,0
640,640,NULL,NULL,NULL,0
641,641,NULL,NULL,NULL,0
642,642,NULL,NULL,NULL,0
643,643,NULL,NULL,NULL,0
644,644,NULL,NULL,NULL,0
645,645,NULL,NULL,NULL,0
646,646,NULL,NULL,NULL,0
647,647,NULL,NULL,NULL,0
648,648,NULL,NULL,NULL,0
649,649,NULL,NULL,NULL,0
650,650,NULL,NULL,NULL,0
651,651,NULL,NULL,NULL,0
652,652,NULL,NULL,NULL,0
653,653,NULL,NULL,NULL,0
654,654,NULL,NULL,NULL,0
655,655,NULL,NULL,NULL,0
656,656,NULL,NULL,NULL,0
657,657,NULL,NULL,NULL,0
658,658,NULL,NULL,NULL,0
659,659,NULL,NULL,NULL,0
660,660,NULL,NULL,NULL,0
661,661,NULL,NULL,NULL,0
662,662,NULL,NULL,NULL,0
663,663,NULL,NULL,NULL,0
664,664,NULL,NULL,NULL,0
665,665,NULL,NULL,NULL,0
666,666,NULL,NULL,NULL,0
667,667,NULL,NULL,NULL,0
668,668,NULL,NULL,NULL,0
669,669,NULL,NULL,NULL,0
670,670,NULL,NULL,NULL,0
671,671,NULL,NULL,NULL,0
672,672,NULL,NULL,NULL,0
673,673,NULL,NULL,NULL,0
674,674,NULL,NULL,NULL,0
675,675,NULL,NULL,NULL,0
676,676,NULL,NULL,NULL,0
677,677,NULL,NULL,NULL,0
678,678,NULL,NULL,NULL,0
679,679,NULL,NULL,NULL,0
680,680,NULL,NULL,NULL,0
681,681,NULL,NULL,NULL,0
682,682,NULL,NULL,NULL,0
683,683,NULL,NULL,NULL,0
684,684,NULL,NULL,NULL,0
685,685,NULL,NULL,NULL,0
686,686,NULL,NULL,NULL,0
687,687,NULL,NULL,NULL,0
688,688,NULL,NULL,NULL,0
689,689,NULL,NULL,NULL,0
690,690,NULL,NULL,NULL,0
691,691,NULL,NULL,NULL,0
692,692,NULL,NULL,NULL,0
693,693,NULL,NULL,NULL,0
694,694,NULL,NULL,NULL,0
695,695,NULL,NULL,NULL,0
696,696,NULL,NULL,NULL,0
697,697,NULL,NULL,NULL,0
698,698,NULL,NULL,NULL,0
699,699,NULL,NULL,NULL,0
700,700,NULL,NULL,NULL,0
701,701,NULL,NULL,NULL,0
702,702,NULL,NULL,NULL,0
703,703,NULL,NULL,NULL,0
704,704,NULL,NULL,NULL,0
705,705,NULL,NULL,NULL,0
706,706,NULL,NULL,NULL,0
707,707,NULL,NULL,NULL,0
708,708,NULL,NULL,NULL,0
709,709,NULL,NULL,NULL,0
710,710,NULL,NULL,NULL,0
711,711,NULL,NULL,NULL,0
712,712,NULL,NULL,NULL,0
713,713,NULL,NULL,NULL,0
714,714,NULL,NULL,NULL,0
715,715,NULL,NULL,NULL,0
716,716,NULL,NULL,NULL,0
717,717,NULL,NULL,NULL,0
718,718,NULL,NULL,NULL,0
719,719,NULL,NULL,NULL,0
720,720,NULL,NULL,NULL,0
721,721,NULL,NULL,NULL,0
722,722,NULL,NULL,NULL,0
723,723,NULL,NULL,NULL,0
724,724,NULL,NULL,NULL,0
725,725,NULL,NULL,NULL,0
726,726,NULL,NULL,NULL,0
727,727,NULL,NULL,NULL,0
728,728,NULL,NULL,NULL,0
729,729,NULL,NULL,NULL,0
730,730,NULL,NULL,NULL,0
731,731,NULL,NULL,NULL,0
732,732,NULL,NULL,NULL,0
733,733,NULL,NULL,NULL,0
734,734,NULL,NULL,NULL,0
735,735,NULL,NULL,NULL,0
736,736,NULL,NULL,NULL,0
737,737,NULL,NULL,NULL,0
738,738,NULL,NULL,NULL,0
739,739,NULL,NULL,NULL,0
740,740,NULL,NULL,NULL,0
741,741,NULL,NULL,NULL,0
742,742,NULL,NULL,NULL,0
743,743,NULL,NULL,NULL,0
744,744,NULL,NULL,NULL,0
745,745,NULL,NULL,NULL,0
746,746,NULL,NULL,NULL,0
747,747,NULL,NULL,NULL,0
748,748,NULL,NULL,NULL,0
749,749,NULL,NULL,NULL,0
750,750,NULL,NULL,NULL,0
751,751,NULL,NULL,NULL,0
752,752,NULL,NULL,NULL,0
753,753,NULL,NULL,NULL,0
754,754,NULL,NULL,NULL,0
755,755,NULL,NULL,NULL,0
756,756,NULL,NULL,NULL,0
757,757,NULL,NULL,NULL,0
