id,venue_id,address,crossStreet,latitude,longitude,distance,postalCode,cc,city,state,country
1,1,"Trafalgar Sq",NULL,51.508,-0.128048,NULL,"WC2N 5DX",GB,London,"Greater London","United Kingdom"
2,2,"450 Strand",NULL,51.5085,-0.126157,NULL,"WC2R 0RG",GB,London,"Greater London","United Kingdom"
3,3,"Trafalgar Sq","at Strand",51.5077,-0.12821,NULL,"WC2N 5DR",GB,London,"Greater London","United Kingdom"
4,4,"8 Duncannon St.",NULL,51.5084,-0.12633,NULL,"W C2N",GB,London,"Greater London","United Kingdom"
5,5,Strand,NULL,51.508,-0.124328,NULL,"WC2N 5HF",GB,London,"Greater London","United Kingdom"
6,6,"The Strand","Villliers St",51.5081,-0.12476,NULL,"WC2N 5HF",GB,London,"Greater London","United Kingdom"
7,7,"Trafalgar Sq",NULL,51.5089,-0.128478,NULL,"WC2N 5DN",GB,London,"Greater London","United Kingdom"
8,8,"82-83 The Strand",NULL,51.5087,-0.125053,NULL,"WC2R 0RE",GB,London,"Greater London","United Kingdom"
9,9,"32-33 The Strand",NULL,51.5088,-0.124456,NULL,"WC2N 6NA",GB,London,"Greater London","United Kingdom"
10,10,NULL,NULL,51.5086,-0.125803,NULL,"W C2N",GB,London,"Greater London","United Kingdom"
11,11,"9 The Arches","Villiers St",51.508,-0.124137,NULL,"WC2N 6NG",GB,"Charing Cross","Greater London","United Kingdom"
12,12,"St. Martin-in-the-Fields",NULL,51.509,-0.126729,NULL,"WC2N 4JJ",GB,London,"Greater London","United Kingdom"
13,13,"Adelaide St.","Btw King William IV & Duncannon",51.5087,-0.125991,NULL,"WC2 N 5",GB,London,"Greater London","United Kingdom"
14,14,"St. Martin's Pl",NULL,51.5094,-0.128032,NULL,"WC2H 0HE",GB,London,"Greater London","United Kingdom"
15,15,"Golden Cross House, 456-459 Strand",NULL,51.5081,-0.12639,NULL,"WC2R 0RG",GB,London,"Greater London","United Kingdom"
16,16,"Charing Cross Railway Station","12-30 Strand",51.508,-0.126146,NULL,"WC2N 5HS",GB,London,"Greater London","United Kingdom"
17,17,"11 Strand","outside Charing Cross Station",51.5084,-0.125708,NULL,"WC2N 5HR",GB,London,"Greater London","United Kingdom"
18,18,"The Strand, Ste 2",NULL,51.5082,-0.124564,NULL,"WC2N 5HX",GB,London,"Greater London","United Kingdom"
19,19,Strand,NULL,51.5083,-0.124926,NULL,"WC2N 5HX",GB,"Charing Cross","Greater London","United Kingdom"
20,20,"The National Gallery",NULL,51.5081,-0.128028,NULL,"S W1Y",GB,London,"Greater London","United Kingdom"
21,21,"34-35 Strand",NULL,51.509,-0.124725,NULL,"WC2N 5HZ",GB,London,"Greater London","United Kingdom"
22,22,"1 Tavistock Court","The Piazza",51.5117,-0.122275,NULL,"WC2E 8BD",GB,London,"Greater London","United Kingdom"
23,23,"450 Strand",NULL,51.5084,-0.125725,NULL,"WC2R 0RG",GB,London,"Greater London","United Kingdom"
24,24,"34 Mare Street",NULL,51.5085,-0.125738,NULL,"E8 4RT",GB,London,"Greater London","United Kingdom"
25,25,"Rosa-Luxemburg-Str. 14",M??nzstrasse,52.5245,13.4101,NULL,10119,DE,Berlin,Berlin,Deutschland
26,26,NULL,NULL,52.5242,13.4103,NULL,NULL,DE,NULL,NULL,Deutschland
27,27,"Rosa-Luxemburg-Str. 9-13",NULL,52.5245,13.4097,NULL,10178,DE,Berlin,Berlin,Deutschland
28,28,"Rosa-Luxemburg-Str. 9-11",NULL,52.5244,13.41,NULL,10178,DE,Berlin,Berlin,Deutschland
29,29,"Rosa-Luxemburg-Str. 17",NULL,52.5251,13.4103,NULL,10178,DE,Berlin,Berlin,Deutschland
30,30,"Rosa-Luxemburg-Str. 7",NULL,52.5238,13.4093,NULL,10178,DE,Berlin,Berlin,Deutschland
31,31,"Rosa-Luxemburg-Stra?e 14",NULL,52.5246,13.4103,NULL,10178,DE,Berlin,Berlin,Deutschland
32,32,NULL,NULL,52.525,13.4107,NULL,NULL,DE,NULL,NULL,Deutschland
33,33,"Mehmhardstra?e 7",NULL,52.5238,13.4093,NULL,NULL,DE,Berlin,Berlin,Deutschland
34,34,NULL,NULL,52.5245,13.4091,NULL,NULL,DE,Berlin,Berlin,Deutschland
35,35,NULL,NULL,52.5248,13.4102,NULL,NULL,DE,Berlin,Berlin,Deutschland
36,36,"M??nzstr. 1-3",NULL,52.5242,13.4093,NULL,10178,DE,Berlin,Berlin,Deutschland
37,37,"Rosa-Luxemburg-Str. 20",NULL,52.5252,13.4107,NULL,10178,DE,Berlin,Berlin,Deutschland
38,38,"Memhardstra?e 3",NULL,52.5238,13.4102,NULL,10178,DE,Berlin,Berlin,Deutschland
39,39,NULL,NULL,52.5242,13.409,NULL,NULL,DE,NULL,NULL,Deutschland
40,40,"Rosa Luxemburg Str. 7",NULL,52.5239,13.4098,NULL,10178,DE,Berlin,Berlin,Deutschland
41,41,"Karl-Liebknecht-Str. 29",NULL,52.5243,13.4119,NULL,10178,DE,Berlin,Berlin,Deutschland
42,42,"Memhardstr. 1-3",NULL,52.5235,13.4109,NULL,10178,DE,Berlin,Berlin,Deutschland
43,43,NULL,NULL,52.5243,13.4098,NULL,NULL,DE,Berlin,Berlin,Deutschland
44,44,"Rosa-Luxemburg-Stra?e 17",NULL,52.5251,13.4101,NULL,10178,DE,Berlin,Berlin,Deutschland
45,45,NULL,NULL,52.5234,13.4108,NULL,NULL,DE,Berlin,Berlin,Deutschland
46,46,NULL,NULL,52.5242,13.4097,NULL,NULL,DE,Berlin,Berlin,Deutschland
47,47,"Rosa-Luxemburg-Strasse 17",NULL,52.5251,13.4104,NULL,10178,DE,Berlin,Berlin,Deutschland
48,48,"Memhardstr. 7",NULL,52.5237,13.4099,NULL,10178,DE,Berlin,Berlin,Deutschland
49,49,"Karl-Liebknecht-Str. 29",M??nzstr.,52.5244,13.4115,NULL,10178,DE,Berlin,Berlin,Deutschland
50,50,"Karl-Liebknecht-Str. 13",NULL,52.5227,13.4074,NULL,10178,DE,Berlin,Berlin,Deutschland
51,51,"Rosa-Luxemburg-Stra?e 15",NULL,52.5249,13.4101,NULL,10178,DE,Berlin,Berlin,Deutschland
52,52,"Memhardstra?e 3",NULL,52.5242,13.4103,NULL,10178,DE,Berlin,Berlin,Deutschland
53,53,NULL,NULL,52.5253,13.4105,NULL,NULL,DE,Berlin,Berlin,Deutschland
54,54,T??rkenstra?e,Rosenthaler,52.5244,13.4117,NULL,NULL,DE,Berlin,Berlin,Deutschland
55,55,"Rosa-Luxemburg-Str. 9",M??nzstr.,52.5246,13.4099,NULL,10178,DE,Berlin,Berlin,Deutschland
56,56,"Rosa-Luxemburg-Str. 17",NULL,52.525,13.4101,NULL,10178,DE,Berlin,Berlin,Deutschland
57,57,NULL,NULL,52.5242,13.4096,NULL,NULL,DE,Berlin,Berlin,Deutschland
58,58,"Rosa-Luxemburg-Str. 19",NULL,52.5252,13.4105,NULL,10178,DE,Berlin,Berlin,Deutschland
59,59,"Rosa-Luxemburg Strasse 18",NULL,52.5251,13.4102,NULL,10178,DE,Berlin,Berlin,Deutschland
60,60,"Memhardstr. 1",NULL,52.5236,13.4105,NULL,10178,DE,Berlin,Berlin,Deutschland
61,61,"Karl-Liebknecht-Str. 23",NULL,52.5238,13.411,NULL,10178,DE,Berlin,Berlin,Deutschland
62,62,NULL,NULL,52.5241,13.4111,NULL,NULL,DE,NULL,NULL,Deutschland
63,63,"M??nzstra?e 8",NULL,52.5243,13.4087,NULL,10178,DE,Berlin,Berlin,Deutschland
64,64,"Rosa Luxemburg Strasse 9-13",NULL,52.5243,13.4101,NULL,10178,DE,Berlin,Berlin,Deutschland
65,65,"Czeminskistra?e 10",NULL,52.5252,13.4103,NULL,NULL,DE,Berlin,Berlin,Deutschland
66,66,NULL,NULL,52.5253,13.4107,NULL,NULL,DE,Berlin,Berlin,Deutschland
67,67,NULL,NULL,52.5243,13.4092,NULL,NULL,DE,Berlin,Berlin,Deutschland
68,68,NULL,NULL,52.5238,13.4107,NULL,NULL,DE,NULL,NULL,Deutschland
69,69,"Memhardtstr. 3",NULL,52.5238,13.4106,NULL,NULL,DE,Berlin,Berlin,Deutschland
70,70,NULL,NULL,52.5251,13.4104,NULL,10178,DE,Berlin,Berlin,Deutschland
71,71,NULL,NULL,52.5249,13.4104,NULL,10178,DE,Berlin,Berlin,Deutschland
72,72,"Rosa-Luxemburg-Stra?e 20",NULL,52.5251,13.4104,NULL,10178,DE,Berlin,Berlin,Deutschland
73,73,NULL,NULL,52.5244,13.4106,NULL,10178,DE,Berlin,Berlin,Deutschland
74,74,"Rosa-Luxemburg-Stra?e 7",M??nzstra?e,52.524,13.4095,NULL,10178,DE,Berlin,Berlin,Deutschland
75,75,"M??nzstr. 3",Almstadstr.,52.524,13.4091,NULL,10178,DE,Berlin,Berlin,Deutschland
76,76,NULL,NULL,52.5238,13.411,NULL,NULL,DE,NULL,NULL,Deutschland
77,77,"Karl-Liebknecht-Stra?e 29",NULL,52.525,13.4117,NULL,10178,DE,Berlin,Berlin,Deutschland
78,78,"Rosa-Luxemburg-Str. 21",NULL,52.5254,13.4107,NULL,10178,DE,Berlin,Berlin,Deutschland
79,79,NULL,NULL,52.5246,13.4102,NULL,NULL,DE,Berlin,Berlin,Deutschland
80,80,"Rosa-Luxemburg-Str. 14",NULL,52.5244,13.4109,NULL,10178,DE,Berlin,Berlin,Deutschland
81,81,NULL,NULL,52.5244,13.4098,NULL,NULL,DE,NULL,NULL,Deutschland
82,82,"M??nzstr. 2",NULL,52.5242,13.409,NULL,10117,DE,Berlin,Berlin,Deutschland
83,83,"Rosa-Luxemburg Str. 20",NULL,52.5252,13.4107,NULL,10178,DE,Berlin,Berlin,Deutschland
84,84,"Rochstrabe 2 10178",NULL,52.5244,13.41,NULL,NULL,DE,Berlin,Berlin,Deutschland
85,85,"Memhardstr. 8",NULL,52.5242,13.4107,NULL,10178,DE,Berlin,Berlin,Deutschland
86,86,Alexanderplatz,NULL,52.5246,13.41,NULL,10178,DE,Berlin,Berlin,Deutschland
87,87,"Rosa-Luxemburg-Stra?e 19",NULL,52.5253,13.4104,NULL,10178,DE,Berlin,Berlin,Deutschland
88,88,"Alexanderplatz 9",NULL,52.5225,13.4118,NULL,10178,DE,Berlin,Berlin,Deutschland
89,89,"Rosa Luxembourg Strasse",NULL,52.5244,13.4102,NULL,NULL,DE,Berlin,Berlin,Deutschland
90,90,"Memhardstr. 8",Rosa-Luxemburg-Str.,52.5241,13.41,NULL,10178,DE,Berlin,Berlin,Deutschland
91,91,"Memhardstrasse 8",NULL,52.5243,13.41,NULL,10178,DE,Berlin,Berlin,Deutschland
92,92,"Rosa-Luxemburg Strasse",NULL,52.5245,13.4103,NULL,10178,DE,Berlin,Berlin,Deutschland
93,93,"Rosa-Luxemburg-Stra?e 7",M??nzstra?e,52.5238,13.4093,NULL,10178,DE,Berlin,Berlin,Deutschland
94,94,NULL,NULL,52.5247,13.4102,NULL,NULL,DE,Berlin,Berlin,Deutschland
95,95,"Rosa Luxemburg Str. 9",Memhardtstr.,52.5243,13.41,NULL,10178,DE,Berlin,Berlin,Deutschland
96,96,"Rosa-Luxemburg-Str. 5-7",NULL,52.5236,13.4092,NULL,10178,DE,Berlin,Berlin,Deutschland
97,97,NULL,NULL,52.5248,13.4094,NULL,NULL,DE,Berlin,Berlin,Deutschland
98,98,NULL,NULL,52.5238,13.4096,NULL,NULL,DE,Berlin,Berlin,Deutschland
99,99,Rosa-Luxemburg-Stra?e,NULL,52.5249,13.4103,NULL,NULL,DE,Berlin,Berlin,Deutschland
100,100,"Max Beer Strasse, Mitte",NULL,52.5244,13.4105,NULL,10119,DE,Berlin,Berlin,Deutschland
101,101,NULL,NULL,52.5251,13.4102,NULL,10178,DE,Berlin,Berlin,Deutschland
102,102,"Memhardstra?e 1",NULL,52.5238,13.411,NULL,10178,DE,Berlin,Berlin,Deutschland
103,103,NULL,NULL,52.5239,13.4111,NULL,NULL,DE,Berlin,Berlin,Deutschland
104,104,"Flotowstra?e 1",NULL,52.5238,13.411,NULL,NULL,DE,Berlin,Berlin,Deutschland
105,105,"Karl-Liebknecht-Stra?e 29",NULL,52.5243,13.4117,NULL,10178,DE,Berlin,Berlin,Deutschland
106,106,NULL,NULL,52.525,13.4111,NULL,NULL,DE,Berlin,Berlin,Deutschland
107,107,"Memhardstra?e 3",NULL,52.5242,13.4101,NULL,10178,DE,Berlin,Berlin,Deutschland
108,108,"Memhardstr. 3",NULL,52.524,13.4102,NULL,10178,DE,Berlin,Berlin,Deutschland
109,109,NULL,NULL,52.5248,13.41,NULL,10178,DE,Berlin,Berlin,Deutschland
110,110,NULL,NULL,52.5251,13.4103,NULL,NULL,DE,Berlin,Berlin,Deutschland
111,111,"Rosa-Luxemburg-Stra?e 9",NULL,52.5243,13.4096,NULL,10178,DE,Berlin,Berlin,Deutschland
112,112,"Almstadtstr. 9-11",NULL,52.5248,13.4092,NULL,10119,DE,Berlin,Berlin,Deutschland
113,113,NULL,NULL,52.5245,13.4102,NULL,NULL,DE,Berlin,Berlin,Deutschland
114,114,"Rosa-Luxemburg-Str. 16",NULL,52.5247,13.4104,NULL,NULL,DE,Berlin,Berlin,Deutschland
115,115,"Memhardstr. 3",NULL,52.5241,13.4114,NULL,10178,DE,Berlin,Berlin,Deutschland
116,116,NULL,NULL,52.5238,13.4111,NULL,NULL,DE,Berlin,Berlin,Deutschland
117,117,"Rosa Luxemburg Stra?e 19",NULL,52.525,13.4104,NULL,10178,DE,Berlin,Berlin,Deutschland
118,118,Rosa-Luxemburgstra?e,NULL,52.5248,13.41,NULL,NULL,DE,Berlin,Berlin,Deutschland
119,119,NULL,NULL,52.5239,13.4103,NULL,NULL,DE,Berlin,Berlin,Deutschland
120,120,NULL,NULL,52.5251,13.4107,NULL,10178,DE,Berlin,Berlin,Deutschland
121,121,"Rosa Luxemburg Stra?e 19",NULL,52.5252,13.4103,NULL,10178,DE,Berlin,Berlin,Deutschland
122,122,NULL,NULL,52.524,13.4099,NULL,NULL,DE,Berlin,Berlin,Deutschland
123,123,NULL,NULL,52.5237,13.4105,NULL,NULL,DE,Berlin,Berlin,Deutschland
124,124,"Rosa-Luxemburg-Str. 15",NULL,52.5247,13.4104,NULL,10178,DE,Berlin,Berlin,Deutschland
125,125,NULL,NULL,52.524,13.4116,NULL,13405,DE,Berlin,Berlin,Deutschland
126,126,NULL,NULL,52.5237,13.4096,NULL,NULL,DE,Berlin,Berlin,Deutschland
127,127,NULL,NULL,52.5246,13.4102,NULL,NULL,DE,Berlin,Berlin,Deutschland
128,128,"Memhardstr. 8",NULL,52.5244,13.4101,NULL,10178,DE,Berlin,Berlin,Deutschland
129,129,"Binger Str. 64",NULL,52.5236,13.4095,NULL,NULL,DE,Berlin,Berlin,Deutschland
130,130,"Rosa-Luxemburg-Strasse 5",NULL,52.5239,13.4095,NULL,10178,DE,Berlin,Berlin,Deutschland
131,131,NULL,NULL,52.5249,13.4102,NULL,10178,DE,Berlin,Berlin,Deutschland
132,132,"Karl-Liebknecht-Str. 29",NULL,52.524,13.4097,NULL,10178,DE,Berlin,Berlin,Deutschland
133,133,"Kleine Alexanderstrasse 12",NULL,52.5249,13.4116,NULL,NULL,DE,Berlin,Berlin,Deutschland
134,134,"Kleine Alexanderstra?e 12",NULL,52.5248,13.4115,NULL,NULL,DE,Berlin,Berlin,Deutschland
135,135,Rosa-Luxembourg-Plats,NULL,52.5252,13.4109,NULL,NULL,DE,Berlin,Berlin,Deutschland
136,136,Rosa-Luxemburg-Str.,NULL,52.5238,13.4094,NULL,NULL,DE,Berlin,Berlin,Deutschland
137,137,"Rosa-Luxemburg-Strasse 7",NULL,52.524,13.4099,NULL,10178,DE,Berlin,Berlin,Deutschland
138,138,"Rosa-Luxemburg-Str. 22",NULL,52.5253,13.4107,NULL,10178,DE,Berlin,Berlin,Deutschland
139,139,NULL,NULL,52.5247,13.4116,NULL,NULL,DE,Berlin,Berlin,Deutschland
140,140,NULL,NULL,52.5242,13.4092,NULL,10178,DE,Berlin,Berlin,Deutschland
141,141,NULL,NULL,52.5243,13.4095,NULL,NULL,DE,Berlin,Berlin,Deutschland
142,142,"Rosa-Luxemburg-Str. 14",NULL,52.5245,13.4103,NULL,10178,DE,Berlin,Berlin,Deutschland
143,143,"C. d'Aribau, 68",NULL,41.3889,2.15879,NULL,08011,ES,Barcelona,Catalu?±a,Espa?±a
144,144,"Aribau 66",NULL,41.3887,2.15891,NULL,NULL,ES,Barcelona,Catalu?±a,Espa?±a
145,145,"Aribau, 62","Aribau 62",41.3886,2.15877,NULL,NULL,ES,Barcelona,Catalu?±a,Espa?±a
146,146,"Arag?³, 197",NULL,41.388,2.15914,NULL,08011,ES,Barcelona,Catalu?±a,Espa?±a
147,147,"c/ Aribau, 59",Arag?³,41.3886,2.15908,NULL,08011,ES,Barcelona,Catalu?±a,Espa?±a
148,148,"C. d'Aribau, 67","C. de Val?¨ncia",41.389,2.15864,NULL,08011,ES,Barcelona,Catalu?±a,Espa?±a
149,149,"Aribau 65",NULL,41.3885,2.15861,NULL,08011,ES,Barcelona,Catalu?±a,Espa?±a
150,150,"C. d'Aribau, 65",NULL,41.3888,2.15876,NULL,08011,ES,Barcelona,Catalu?±a,Espa?±a
151,151,"Carrer d'Aribau, 65",Val?¨ncia,41.3887,2.15872,NULL,08011,ES,Barcelona,Catalu?±a,Espa?±a
152,152,"Aribau, 62",NULL,41.3888,2.15882,NULL,08011,ES,Barcelona,Catalu?±a,Espa?±a
153,153,"C. d'Aribau, 58","C. d'Arag?³",41.3884,2.15938,NULL,08011,ES,Barcelona,Catalu?±a,Espa?±a
154,154,"C. Enric Granados, 19","C. Consell de Cent",41.3883,2.16165,NULL,08007,ES,Barcelona,Catalu?±a,Espa?±a
155,155,"C. d'Aribau, 62",NULL,41.3889,2.15857,NULL,08011,ES,Barcelona,Catalu?±a,Espa?±a
156,156,"C. Arag?³, 228","C. Enric Granados",41.3894,2.16129,NULL,NULL,ES,Barcelona,Catalu?±a,Espa?±a
157,157,"Enten?§a 60",Diputaci?³,41.3784,2.1523,NULL,08015,ES,Barcelona,Catalu?±a,Espa?±a
158,158,Arag?³,Aribau,41.3881,2.15978,NULL,NULL,ES,Barcelona,Catalu?±a,Espa?±a
159,159,"C. de Val?¨ncia, 189","C. d'Aribau",41.3893,2.15872,NULL,08011,ES,Barcelona,Catalu?±a,Espa?±a
160,160,"Carrer d'Arag?³ 211",NULL,41.3886,2.15985,NULL,08011,ES,Barcelona,Catalu?±a,Espa?±a
161,161,"Calle de Aribau, 66, 08011 Barcelona",NULL,41.3894,2.15832,NULL,08011,ES,Barcelona,Catalu?±a,Espa?±a
162,162,"C. d'Aribau, 72","C. de Val?¨ncia",41.3891,2.15851,NULL,08011,ES,Barcelona,Catalu?±a,Espa?±a
163,163,"212 Carrer de Val?¨ncia",NULL,41.3894,2.15906,NULL,08011,ES,Barcelona,Catalu?±a,Espa?±a
164,164,"Carrer de Valencia, 204",NULL,41.3887,2.15824,NULL,08011,ES,Barcelona,Catalu?±a,Espa?±a
165,165,"Carrer de Val?¨ncia, 202",NULL,41.3887,2.15816,NULL,08011,ES,Barcelona,Catalu?±a,Espa?±a
166,166,"C. de Val?¨ncia, 183","C. d'Aribau",41.3889,2.15828,NULL,08011,ES,Barcelona,Catalu?±a,Espa?±a
167,167,"207, Carrer d’Arago","L'Antiga Esquerra de l'Eixample",41.3886,2.15973,NULL,08011,ES,Barcelona,Catalu?±a,Espa?±a
168,168,NULL,NULL,41.3889,2.15846,NULL,NULL,ES,NULL,NULL,Espa?±a
169,169,NULL,NULL,41.3884,2.15947,NULL,NULL,ES,NULL,NULL,Espa?±a
170,170,NULL,NULL,41.3887,2.1589,NULL,NULL,ES,NULL,NULL,Espa?±a
171,171,"C/ Aribau 60",NULL,41.3889,2.15874,NULL,08011,ES,Barcelona,Catalu?±a,Espa?±a
172,172,"Calle Valencia, 210",NULL,41.3893,2.15915,NULL,NULL,ES,NULL,NULL,Espa?±a
173,173,"Valencia 191",NULL,41.3896,2.1588,NULL,NULL,ES,Barcelona,Catalu?±a,Espa?±a
174,174,"C. Val?¨ncia, 204","C. d'Aribau",41.3887,2.15834,NULL,08011,ES,Barcelona,Catalu?±a,Espa?±a
175,175,"Aribau 68",Valencia,41.389,2.1589,NULL,NULL,ES,Barcelona,Catalu?±a,Espa?±a
176,176,Arag?³,207,41.3885,2.1599,NULL,08011,ES,Barcelona,Catalu?±a,Espa?±a
177,177,"C. de Val?¨ncia, 206","C. Aribau",41.389,2.1584,NULL,08011,ES,Barcelona,Catalu?±a,Espa?±a
178,178,Arag?³,NULL,41.3883,2.15968,NULL,08011,ES,Barcelona,Catalu?±a,Espa?±a
179,179,"Aribau,76",NULL,41.3892,2.1582,NULL,NULL,ES,NULL,NULL,Espa?±a
180,180,"Carrer de Val?¨ncia 218",NULL,41.3895,2.15921,NULL,08011,ES,Barcelona,Catalu?±a,Espa?±a
181,181,"C. d'Aribau, 49","C. d'Arag?³",41.3882,2.15941,NULL,08011,ES,Barcelona,Catalu?±a,Espa?±a
182,182,"C. de Val?¨ncia, 198","C. d'Aribau",41.3885,2.15806,NULL,08011,ES,Barcelona,Catalu?±a,Espa?±a
183,183,NULL,NULL,41.3881,2.15942,NULL,NULL,ES,NULL,NULL,Espa?±a
184,184,"Valencia 181",NULL,41.3889,2.1582,NULL,NULL,ES,Barcelona,Catalu?±a,Espa?±a
185,185,"C. d'Arag?³, 211","C. d'Aribau",41.3887,2.15985,NULL,08011,ES,Barcelona,Catalu?±a,Espa?±a
186,186,"C. d'Aribau, 70","C. de Val?¨ncia",41.3891,2.1585,NULL,08011,ES,Barcelona,Catalu?±a,Espa?±a
187,187,"Calle Arag?³, 207","Calle d’Aribau",41.3886,2.15977,NULL,08011,ES,Barcelona,Catalu?±a,Espa?±a
188,188,"Valencia, 189",NULL,41.3895,2.15852,NULL,08011,ES,Barcelona,Catalu?±a,Espa?±a
189,189,"Aribau 57",NULL,41.3885,2.15901,NULL,08006,ES,Barcelona,Catalu?±a,Espa?±a
190,190,"Arag?³ 205",Aribau,41.3881,2.15957,NULL,08011,ES,Barcelona,Catalu?±a,Espa?±a
191,191,"Spuistraat 134",NULL,52.3742,4.89005,NULL,"1012 VB",NL,Amsterdam,Noord-Holland,Nederland
192,192,"Spuistraat 128",NULL,52.3743,4.89016,NULL,NULL,NL,Amsterdam,Noord-Holland,Nederland
193,193,NULL,NULL,52.3739,4.88968,NULL,NULL,NL,NULL,NULL,Nederland
194,194,"UvA P.C. Hoofthuis",NULL,52.3742,4.88955,NULL,NULL,NL,Amsterdam,Noord-Holland,Nederland
195,195,"Singel 184","Oude Leliestraat",52.3746,4.88903,NULL,"1016 AA",NL,Amsterdam,Noord-Holland,Nederland
196,196,NULL,NULL,52.374,4.88982,NULL,NULL,NL,NULL,NULL,Nederland
197,197,Dam,NULL,52.373,4.89293,NULL,"1012 NP",NL,Amsterdam,Noord-Holland,Nederland
198,198,"Louise Wentstraat",NULL,52.374,4.88969,NULL,1018MS,NL,Amsterdam,Noord-Holland,Nederland
199,199,"Singel 182","Oude Leliestraat",52.3746,4.88916,NULL,"1015 AJ",NL,Amsterdam,Noord-Holland,Nederland
200,200,"Nieuwezijds Voorburgwal",NULL,52.3738,4.89033,NULL,"1012 SJ",NL,Amsterdam,Noord-Holland,Nederland
201,201,"Nieuwezijds Voorburgwal 182I",NULL,52.3737,4.8902,NULL,"1012 SJ",NL,Amsterdam,Noord-Holland,Nederland
202,202,Gravenstraat,NULL,52.3742,4.89216,NULL,"1012 NM",NL,Amsterdam,Noord-Holland,Nederland
203,203,"Oude Hoogstraat 22",NULL,52.3712,4.89768,NULL,"1012 CE",NL,Amsterdam,Noord-Holland,Nederland
204,204,"Singel 214hs",NULL,52.3741,4.89021,NULL,NULL,NL,NULL,NULL,Nederland
205,205,NULL,NULL,52.3739,4.88978,NULL,NULL,NL,NULL,NULL,Nederland
206,206,"Spuistraat 134",NULL,52.3742,4.88973,NULL,"1012 VK",NL,Amsterdam,Noord-Holland,Nederland
207,207,"Torensteeg 4-8",Singel,52.3746,4.88969,NULL,"1012 TH",NL,Amsterdam,Noord-Holland,Nederland
208,208,"UvA P.C. Hoofthuis",NULL,52.3736,4.88991,NULL,NULL,NL,Amsterdam,Noord-Holland,Nederland
209,209,"Singel 180",NULL,52.3747,4.88902,NULL,"1015 AJ",NL,Amsterdam,Noord-Holland,Nederland
210,210,"Nieuwezijds Voorburgwal 182",Raadhuisstraat,52.3737,4.89028,NULL,"1012 SJ",NL,Amsterdam,Noord-Holland,Nederland
211,211,"Torensteeg 1",NULL,52.3744,4.89002,NULL,"1012 TH",NL,Amsterdam,Noord-Holland,Nederland
212,212,"Torensteeg 2",Spuistraat,52.3744,4.89026,NULL,"1012 TH",NL,Amsterdam,Noord-Holland,Nederland
213,213,NULL,NULL,52.3737,4.89026,NULL,NULL,NL,NULL,NULL,Nederland
214,214,Torensluis,Singel,52.3747,4.88935,NULL,NULL,NL,Amsterdam,Noord-Holland,Nederland
215,215,"Nieuwezijds Voorburgwal 176",NULL,52.374,4.89069,NULL,"1012 SJ",NL,Amsterdam,Noord-Holland,Nederland
216,216,"Spuistraat 127",Molsteeg,52.3743,4.89029,NULL,"1012 RJ",NL,Amsterdam,Noord-Holland,Nederland
217,217,"Nieuwezijds Voorburgwal 182I",Raadhuisstraat,52.3737,4.89038,NULL,"1012 SJ",NL,Amsterdam,Noord-Holland,Nederland
218,218,NULL,"Magna Plaza",52.3738,4.89044,NULL,"1012 SJ",NL,Amsterdam,Noord-Holland,Nederland
219,219,"Spuistraat 139A",NULL,52.3734,4.89011,NULL,"1012 SV",NL,Amsterdam,Noord-Holland,Nederland
220,220,"Spuistraat 134","PC Hoofthuis",52.3737,4.88986,NULL,"1012 VB",NL,Amsterdam,Noord-Holland,Nederland
221,221,NULL,NULL,52.3742,4.89046,NULL,NULL,NL,NULL,NULL,Nederland
222,222,"Spuistraat 134",NULL,52.3741,4.88978,NULL,"1012 VB",NL,Amsterdam,Noord-Holland,Nederland
223,223,NULL,NULL,52.3745,4.89025,NULL,NULL,NL,NULL,NULL,Nederland
224,224,NULL,NULL,52.3746,4.89028,NULL,"1012 VA",NL,Amsterdam,Noord-Holland,Nederland
225,225,NULL,NULL,52.3741,4.89068,NULL,NULL,NL,Amsterdam,Noord-Holland,Nederland
226,226,"Nieuwezijds Voorburgwal 182",NULL,52.3736,4.89044,NULL,NULL,NL,Amsterdam,Noord-Holland,Nederland
227,227,"Spuistraat 134",NULL,52.3742,4.88971,NULL,"1012 VK",NL,Amsterdam,Noord-Holland,Nederland
228,228,"UvA P.C. Hoofthuis",NULL,52.3738,4.88997,NULL,NULL,NL,Amsterdam,Noord-Holland,Nederland
229,229,"Spuistraat 111",NULL,52.3744,4.89099,NULL,"1012 SV",NL,Amsterdam,Noord-Holland,Nederland
230,230,"Singel 210",NULL,52.3738,4.88861,NULL,"1016 AB",NL,Amsterdam,Noord-Holland,Nederland
231,231,"Nieuwezijds Voorburgwal 182",NULL,52.3738,4.89081,NULL,"1012 SJ",NL,Amsterdam,Noord-Holland,Nederland
232,232,NULL,NULL,52.3735,4.89015,NULL,NULL,NL,Amsterdam,Noord-Holland,Nederland
233,233,"Nieuwezijds Voorburgwal",NULL,52.3737,4.89035,NULL,"1012 SJ",NL,Amsterdam,Noord-Holland,Nederland
234,234,NULL,NULL,52.3735,4.89009,NULL,NULL,NL,NULL,NULL,Nederland
235,235,"Singel 159A",NULL,52.3746,4.88993,NULL,NULL,NL,Amsterdam,Noord-Holland,Nederland
236,236,NULL,NULL,52.3738,4.89046,NULL,"1012 SJ",NL,Amsterdam,Noord-Holland,Nederland
237,237,"Nieuwezijds Voorburgwal 182",NULL,52.3735,4.89034,NULL,NULL,NL,Amsterdam,Noord-Holland,Nederland
238,238,"Spuistraat 122",NULL,52.3745,4.89037,NULL,NULL,NL,Amsterdam,Noord-Holland,Nederland
239,239,"11 Molsteeg",NULL,52.3743,4.89049,NULL,"1012 SM",NL,Amsterdam,Noord-Holland,Nederland
240,240,NULL,NULL,52.3735,4.89013,NULL,"1012 SV",NL,Amsterdam,Noord-Holland,Nederland
241,241,"Spuistraat 127",NULL,52.3743,4.89031,NULL,NULL,NL,Amsterdam,Noord-Holland,Nederland
242,242,"120 Spuistraat",NULL,52.3746,4.89024,NULL,"1012 VA",NL,Amsterdam,Noord-Holland,Nederland
243,243,NULL,NULL,52.3739,4.89046,NULL,"1012 SV",NL,Amsterdam,Noord-Holland,Nederland
244,244,NULL,NULL,52.3735,4.89028,NULL,NULL,NL,NULL,NULL,Nederland
245,245,"Molsteeg 10",Spuistraat,52.3744,4.89042,NULL,1012SM,NL,Amsterdam,Noord-Holland,Nederland
246,246,NULL,NULL,52.3736,4.89038,NULL,"1012 SJ",NL,Amsterdam,Noord-Holland,Nederland
247,247,Singel,Torensluis,52.3744,4.8896,NULL,NULL,NL,Amsterdam,Noord-Holland,Nederland
248,248,"Raadhuisstraat 182",NULL,52.3735,4.89033,NULL,"1016 DE",NL,Amsterdam,Noord-Holland,Nederland
249,249,"Magna Plaza","Nieuwezijds Voorburgwal",52.3735,4.89033,NULL,NULL,NL,Amsterdam,Noord-Holland,Nederland
250,250,"Spuistraat 137 0-10B","Magna Plaza",52.3737,4.89041,NULL,"1012 SV",NL,Amsterdam,Noord-Holland,Nederland
251,251,"Spuistraat 134",NULL,52.3742,4.8897,NULL,"1012 VK",NL,Amsterdam,Noord-Holland,Nederland
252,252,NULL,NULL,52.3735,4.8903,NULL,"1012 SJ",NL,Amsterdam,Pohjois-Hollanti,Nederland
253,253,"Spuistraat 124",NULL,52.3744,4.89022,NULL,NULL,NL,Amsterdam,Noord-Holland,Nederland
254,254,"Spuistraat 122",NULL,52.3744,4.89019,NULL,"1012 VA",NL,Amsterdam,Noord-Holland,Nederland
255,255,"Spuistraat 122",NULL,52.3744,4.89023,NULL,"1012 VA",NL,Amsterdam,Noord-Holland,Nederland
256,256,"Nieuwezijds Voorburgwal 141",Dam,52.374,4.89083,NULL,"1012 RJ",NL,Amsterdam,Noord-Holland,Nederland
257,257,NULL,NULL,52.3742,4.89007,NULL,"1012 VB",NL,Amsterdam,Noord-Holland,Nederland
258,258,NULL,NULL,52.3743,4.88918,NULL,NULL,NL,NULL,NULL,Nederland
259,259,NULL,NULL,52.3746,4.8897,NULL,NULL,NL,NULL,NULL,Nederland
260,260,"Spuistraat 134",NULL,52.3737,4.88952,NULL,"1012 VK",NL,Amsterdam,Noord-Holland,Nederland
261,261,"Spuistraat 134",NULL,52.3737,4.88959,NULL,"1012 VK",NL,Amsterdam,Noord-Holland,Nederland
262,262,"Nieuwezijds voorburgwal 182",NULL,52.3735,4.89067,NULL,1012SJ,NL,Amsterdam,Noord-Holland,Nederland
263,263,"Torensteeg 3",NULL,52.3744,4.88983,NULL,"1012 TH",NL,Amsterdam,Noord-Holland,Nederland
264,264,NULL,NULL,52.3737,4.89041,NULL,NULL,NL,NULL,NULL,Nederland
265,265,"Hartenstraat 11",NULL,52.3743,4.8903,NULL,"1016 BZ",NL,Amsterdam,Noord-Holland,Nederland
266,266,Singel,NULL,52.3742,4.88915,NULL,NULL,NL,Amsterdam,Noord-Holland,Nederland
267,267,"UvA P.C. Hoofthuis",NULL,52.3738,4.88928,NULL,NULL,NL,Amsterdam,Noord-Holland,Nederland
268,268,"Spuistraat 134",NULL,52.3739,4.88958,NULL,"1012 VK",NL,Amsterdam,Noord-Holland,Nederland
269,269,"Spuistraat 134",NULL,52.3742,4.89023,NULL,1012VB,NL,Amsterdam,Noord-Holland,Nederland
270,270,"Spuistraat 134",NULL,52.3737,4.88971,NULL,"1012 VB",NL,Amsterdam,Noord-Holland,Nederland
271,271,"Houtsnijdershorst 819",NULL,52.374,4.88969,NULL,"7328 XA",NL,Apeldoorn,Gelderland,Nederland
272,272,?•”?•”?™,NULL,52.374,4.89061,NULL,NULL,NL,Amsterdam,Noord-Holland,Nederland
273,273,"Spuistraat 127",Molsteeg,52.3743,4.89031,NULL,NULL,NL,Amsterdam,Noord-Holland,Nederland
274,274,"singel 158",NULL,52.374,4.89058,NULL,1012,NL,Amsterdam,Noord-Holland,Nederland
275,275,"Magna Plaza",NULL,52.3736,4.89034,NULL,NULL,NL,NULL,NULL,Nederland
276,276,NULL,NULL,52.3739,4.89028,NULL,NULL,NL,NULL,NULL,Nederland
277,277,"Spuistraat 134",NULL,52.3737,4.8897,NULL,"1012 VB",NL,Amsterdam,Noord-Holland,Nederland
278,278,"Spuistraat 134",NULL,52.3741,4.88966,NULL,NULL,NL,Amsterdam,Noord-Holland,Nederland
279,279,NULL,NULL,52.3739,4.88942,NULL,"1012 VK",NL,Amsterdam,Noord-Holland,Nederland
280,280,NULL,NULL,52.3736,4.88946,NULL,NULL,NL,Amsterdam,Noord-Holland,Nederland
281,281,NULL,NULL,52.3737,4.89064,NULL,NULL,NL,Amsterdam,Noord-Holland,Nederland
282,282,"Spuistraat 134",NULL,52.3742,4.88966,NULL,"1012 VK",NL,Amsterdam,Noord-Holland,Nederland
283,283,NULL,NULL,52.3737,4.89061,NULL,NULL,NL,Amsterdam,Noord-Holland,Nederland
284,284,"Singel 236",NULL,52.3735,4.88915,NULL,NULL,NL,Amsterdam,Noord-Holland,Nederland
285,285,"Visserspad 10A",NULL,52.374,4.88969,NULL,"1561 PK",NL,Krommenie,Noord-Holland,Nederland
286,286,"Jadelaan 117",NULL,52.374,4.88969,NULL,2132XZ,NL,Hoofddorp,Noord-Holland,Nederland
287,287,"14 E Main St","2nd Floor",52.374,4.88969,NULL,NULL,NL,Amsterdam,NY,Nederland
288,288,"Molenwerf 14",NULL,52.374,4.88969,NULL,"1014 BG",NL,Amsterdam,Noord-Holland,Nederland
289,289,NULL,NULL,52.3746,4.89009,NULL,NULL,NL,Amsterdam,Noord-Holland,Nederland
290,290,"Joop Geesinkweg 901",NULL,52.374,4.88969,NULL,"1114 AB",NL,Amsterdam,Noord-Holland,Nederland
291,291,"Singel 236",NULL,52.3735,4.88917,NULL,NULL,NL,Amsterdam,Noord-Holland,Nederland
292,292,NULL,NULL,52.3745,4.89015,NULL,NULL,NL,Amsterdam,Noord-Holland,Nederland
293,293,NULL,NULL,52.3746,4.88962,NULL,NULL,NL,Amsterdam,Noord-Holland,Nederland
294,294,"Singel 210",NULL,52.3737,4.88911,NULL,"1016 AB",NL,Amsterdam,Noord-Holland,Nederland
295,295,"Singel 130",NULL,52.376,4.89065,NULL,1015,NL,Amsterdam,Noord-Holland,Nederland
296,296,NULL,NULL,52.3744,4.88951,NULL,NULL,NL,NULL,NULL,Nederland
297,297,Bilderdijkstraat,NULL,52.3746,4.88964,NULL,NULL,NL,Amsterdam,Noord-Holland,Nederland
298,298,"Spuistraat 124",NULL,52.3744,4.89011,NULL,NULL,NL,Amsterdam,Noord-Holland,Nederland
299,299,"Torensteeg 2",NULL,52.3745,4.88967,NULL,"1012 TH",NL,Amsterdam,Noord-Holland,Nederland
300,300,"Torensteeg 8",NULL,52.3745,4.89026,NULL,NULL,NL,Amsterdam,Noord-Holland,Nederland
301,301,"Torensteeg 5",NULL,52.3747,4.88995,NULL,"1012 TH",NL,Amsterdam,Noord-Holland,Nederland
302,302,Driekoningenstraat,NULL,52.3739,4.889,NULL,NULL,NL,Amsterdam,Noord-Holland,Nederland
303,303,"Van Kinsbergenstraat 38",NULL,52.3742,4.89002,NULL,NULL,NL,Amsterdam,Noord-Holland,Nederland
304,304,"Molsteeg 9",NULL,52.3743,4.89046,NULL,NULL,NL,Amsterdam,Noord-Holland,Nederland
305,305,NULL,NULL,52.3745,4.89028,NULL,NULL,NL,NULL,NULL,Nederland
306,306,"Molsteeg 10",NULL,52.3742,4.89051,NULL,"1012 SM",NL,Amsterdam,Noord-Holland,Nederland
307,307,NULL,NULL,52.3745,4.88952,NULL,NULL,NL,Amsterdam,Noord-Holland,Nederland
308,308,NULL,NULL,52.3743,4.89006,NULL,NULL,NL,NULL,NULL,Nederland
309,309,NULL,NULL,52.3736,4.89039,NULL,NULL,NL,Amsterdam,Noord-Holland,Nederland
310,310,NULL,NULL,52.3737,4.89053,NULL,NULL,NL,NULL,NULL,Nederland
311,311,NULL,NULL,52.374,4.88913,NULL,NULL,NL,NULL,NULL,Nederland
312,312,"Rozengracht 35",NULL,52.3736,4.89043,NULL,NULL,NL,Amsterdam,Noord-Holland,Nederland
313,313,NULL,NULL,52.3738,4.89039,NULL,NULL,NL,NULL,NULL,Nederland
314,314,"Mensinge 2",NULL,52.374,4.88921,NULL,NULL,NL,Amsterdam,Noord-Holland,Nederland
315,315,"Singel 250",NULL,52.3732,4.88857,NULL,1016AB,NL,Amsterdam,Noord-Holland,Nederland
316,316,"39 W 21st St","btwn 5th & 6th Ave",40.7412,-73.9924,NULL,10010,US,"New York",NY,"United States"
317,317,"60 W 23rd St","6th ave",40.7425,-73.9926,NULL,10010,US,"New York",NY,"United States"
318,318,"50 W 23rd St","btwn 5th & 6th Ave",40.7421,-73.9918,NULL,10010,US,"New York",NY,"United States"
319,319,"50 W 23rd St","btwn 5th & 6th Ave",40.7419,-73.992,NULL,10010,US,"New York",NY,"United States"
320,320,"50 W 23rd St",NULL,40.7421,-73.9918,NULL,10010,US,"New York",NY,"United States"
321,321,"675 6th Ave","at W 21st St",40.7417,-73.9937,NULL,10010,US,"New York",NY,"United States"
322,322,"40 W 23rd St",NULL,40.742,-73.9913,NULL,10010,US,"New York",NY,"United States"
323,323,"700 Avenue of the Americas","at W 22nd St",40.7424,-73.9929,NULL,10010,US,"New York",NY,"United States"
324,324,"50 W 22nd St","at 6th Ave",40.742,-73.9926,NULL,10010,US,"New York",NY,"United States"
325,325,"50 W 23rd St","btwn 5th & 6th Ave",40.7422,-73.9917,NULL,10010,US,"New York",NY,"United States"
326,326,"688 Avenue of the Americas","at 22nd St",40.7422,-73.9932,NULL,10010,US,"New York",NY,"United States"
327,327,"20 W 22nd St","22nd st between 5th and 6th ave",40.7413,-73.9916,NULL,10010,US,"New York",NY,"United States"
328,328,"111 W 20th St","6 Ave",40.7413,-73.9948,NULL,10011,US,"New York",NY,"United States"
329,329,"1107 Broadway Ste 101",NULL,40.7427,-73.9894,NULL,10010,US,"New York",NY,"United States"
330,330,"750 Avenue of the Americas",NULL,40.7437,-73.9921,NULL,10010,US,"New York",NY,"United States"
331,331,"124 W 23rd St",NULL,40.7433,-73.9937,NULL,10011,US,"New York",NY,"United States"
332,332,"140 W 23rd St","btwn 6th & 7th Ave",40.7435,-73.9942,NULL,10011,US,"New York",NY,"United States"
333,333,"62 W 22nd St","at 6th Ave",40.7421,-73.9931,NULL,10010,US,"New York",NY,"United States"
334,334,"107 W 20th St",NULL,40.7414,-73.9945,NULL,10011,US,"New York",NY,"United States"
335,335,"50 W 23rd St",NULL,40.7421,-73.9922,NULL,10010,US,"New York",NY,"United States"
336,336,"54 W 22nd St","at 6th Ave.",40.7421,-73.9927,NULL,10010,US,"New York",NY,"United States"
337,337,"245 W 14th St",NULL,40.7394,-74.0017,NULL,10011,US,"New York",NY,"United States"
338,338,"636 Avenue of the Americas","at W 19th St",40.7404,-73.9945,NULL,10011,US,"New York",NY,"United States"
339,339,NULL,NULL,40.7421,-73.9924,NULL,NULL,US,"New York",NY,"United States"
340,340,"27 W 20th St",NULL,40.7405,-73.9929,NULL,10011,US,"New York",NY,"United States"
341,341,"64 W 22nd St","at 6th Ave",40.7423,-73.9931,NULL,10010,US,"New York",NY,"United States"
342,342,NULL,NULL,40.7422,-73.9926,NULL,NULL,US,"New York",NY,"United States"
343,343,"4 W 22nd St","at 5th Ave",40.741,-73.9906,NULL,10010,US,"New York",NY,"United States"
344,344,NULL,NULL,40.742,-73.9927,NULL,10011,US,"New York",NY,"United States"
345,345,"50 W 23rd St Fl 12",NULL,40.7419,-73.9919,NULL,10010,US,"New York",NY,"United States"
346,346,"200 5th Ave","at W 23rd St",40.742,-73.9899,NULL,10010,US,"New York",NY,"United States"
347,347,"706 6th Ave",NULL,40.7425,-73.9928,NULL,10010,US,"New York",NY,"United States"
348,348,NULL,NULL,40.7424,-73.993,NULL,10010,US,"New York",NY,"United States"
349,349,NULL,NULL,40.7419,-73.9924,NULL,NULL,US,"New York",NY,"United States"
350,350,"700 Avenue of the Americas",NULL,40.7424,-73.993,NULL,10010,US,"New York",NY,"United States"
351,351,"50 W 23rd St","btwn 5th & 6th Ave",40.7422,-73.9917,NULL,10010,US,"New York",NY,"United States"
352,352,"56 W 22nd St",NULL,40.7422,-73.9928,NULL,10010,US,"New York",NY,"United States"
353,353,"60 W 23rd St","at 5th Ave",40.7422,-73.9928,NULL,10010,US,"New York",NY,"United States"
354,354,"41 W 22nd St","Btwn 5th Ave. & 6th Ave.",40.742,-73.9918,NULL,10010,US,"New York",NY,"United States"
355,355,"50 W 23rd St","btwn 5th & 6th Ave",40.7419,-73.9922,NULL,10010,US,"New York",NY,"United States"
356,356,"56 W 22nd St, New York, NY 10010",NULL,40.742,-73.9928,NULL,10010,US,"New York",NY,"United States"
357,357,"50 W 23rd St","btwn 5th & 6th Ave",40.7418,-73.992,NULL,10010,US,"New York",NY,"United States"
358,358,"50 W 23rd St",NULL,40.7418,-73.9919,NULL,10010,US,"New York",NY,"United States"
359,359,"37 W 20th St","Bw 5th and 6th",40.7408,-73.9934,NULL,10011,US,"New York",NY,"United States"
360,360,"71 W 23rd St","btw 6th & 7th Ave",40.7427,-73.9926,NULL,10010,US,"New York",NY,"United States"
361,361,NULL,NULL,40.742,-73.9924,NULL,10010,US,"New York",NY,"United States"
362,362,NULL,NULL,40.7422,-73.9931,NULL,NULL,US,"New York",NY,"United States"
363,363,"54 W 22nd St",NULL,40.7418,-73.9927,NULL,10010,US,"New York",NY,"United States"
364,364,"56 W 22nd St","Btw 6th & 7th",40.742,-73.9932,NULL,10010,US,"New York",NY,"United States"
365,365,"50 W 23rd St","btwn 5th & 6th Ave",40.7422,-73.9919,NULL,10010,US,"New York",NY,"United States"
366,366,NULL,NULL,40.7425,-73.993,NULL,10010,US,"New York",NY,"United States"
367,367,"54 W 21st St","6th St",40.7423,-73.9929,NULL,10010,US,"New York",NY,"United States"
368,368,"56 W 22nd St Fl 6","5th Ave",40.7421,-73.9926,NULL,10010,US,"New York",NY,"United States"
369,369,"48 W 22nd St",NULL,40.7417,-73.9925,NULL,10010,US,"New York",NY,"United States"
370,370,"59 W 22nd St","btw 5th & 6th Aves.",40.7423,-73.9925,NULL,10010,US,"New York",NY,"United States"
371,371,"67 W 23rd St","6th Ave.",40.7428,-73.9919,NULL,10010,US,"New York",NY,"United States"
372,372,NULL,NULL,40.7421,-73.9926,NULL,10010,US,"New York",NY,"United States"
373,373,"56 W 22nd St",NULL,40.742,-73.993,NULL,10010,US,"New York",NY,"United States"
374,374,"50 W 23rd St",NULL,40.7421,-73.9921,NULL,10010,US,"New York",NY,"United States"
375,375,"56 W 22nd St",NULL,40.7421,-73.9929,NULL,10010,US,"New York",NY,"United States"
376,376,"50 W 23rd St",NULL,40.742,-73.9923,NULL,10010,US,"New York",NY,"United States"
377,377,"688 Avenue of the Americas",NULL,40.7422,-73.993,NULL,10010,US,"New York",NY,"United States"
378,378,"688 Avenue of the Americas","W 23rd St",40.742,-73.9931,NULL,10010,US,"New York",NY,"United States"
379,379,"727 Avenue of the Americas",NULL,40.7435,-73.9927,NULL,10010,US,"New York",NY,"United States"
380,380,"56 W 22nd St","6th ave",40.7418,-73.9929,NULL,10010,US,"New York",NY,"United States"
381,381,"56 W 22nd St","6th Avenue",40.7421,-73.9927,NULL,10010,US,"New York",NY,"United States"
382,382,"56 W 22nd St Ste 2","6th Avenue",40.7422,-73.9929,NULL,10010,US,"New York",NY,"United States"
383,383,"421 7th Ave Ste 711",NULL,40.7503,-73.9906,NULL,10001,US,"New York",NY,"United States"
384,384,"54 W 22nd St Apt 6","6th Ave",40.742,-73.9928,NULL,10010,US,"New York",NY,"United States"
385,385,"54 W 22nd St Apt 3","Btw 5th & 6th",40.7418,-73.9928,NULL,10010,US,"New York",NY,"United States"
386,386,"56 W 22nd St",NULL,40.7419,-73.9926,NULL,10010,US,"New York",NY,"United States"
387,387,"56 W 22nd St",NULL,40.742,-73.993,NULL,10010,US,"New York",NY,"United States"
388,388,"20 W 22nd St",NULL,40.7418,-73.9928,NULL,10010,US,"New York",NY,"United States"
389,389,"56 W 22nd St","Sixth Avenue",40.7418,-73.9929,NULL,10010,US,"New York",NY,"United States"
390,390,NULL,NULL,40.7421,-73.9929,NULL,NULL,US,"New York",NY,"United States"
391,391,"56 W 22nd St Fl 11",NULL,40.742,-73.9928,NULL,10010,US,"New York",NY,"United States"
392,392,"48 W 22nd St","between 5th Ave & Broadway",40.7419,-73.9924,NULL,10010,US,"New York",NY,"United States"
393,393,NULL,NULL,40.7422,-73.993,NULL,10001,US,"New York",NY,"United States"
394,394,"60 W 23rd St","6th Avenue",40.742,-73.9924,NULL,10010,US,"New York",NY,"United States"
395,395,NULL,"6th & 7th",40.7423,-73.9931,NULL,10011,US,Manhattan,NY,"United States"
396,396,"44 W 22nd St",NULL,40.7419,-73.9924,NULL,10010,US,"New York",NY,"United States"
397,397,"6th Ave.","at E 23rd St.",40.7426,-73.9926,NULL,10010,US,"New York",NY,"United States"
398,398,"54 W 21st St",NULL,40.742,-73.9931,NULL,10010,US,"New York",NY,"United States"
399,399,"116 W 23rd St",NULL,40.7425,-73.9929,NULL,10011,US,"New York",NY,"United States"
400,400,NULL,NULL,40.7422,-73.9911,NULL,NULL,US,"New York",NY,"United States"
401,401,NULL,NULL,40.7419,-73.9923,NULL,NULL,US,"New York",NY,"United States"
402,402,"54 W 22nd St",NULL,40.7418,-73.9928,NULL,10010,US,"New York",NY,"United States"
403,403,"48 W 22nd St","5th and 6th Avenue",40.7417,-73.9926,NULL,10010,US,"New York",NY,"United States"
404,404,"330 1st Ave Apt 8E","W 22nd St",40.753,-73.9681,NULL,10009,US,"New York",NY,"United States"
405,405,"38 W 21st St","btw 5th & 6th Ave",40.7409,-73.9927,NULL,10010,US,"New York",NY,"United States"
406,406,"56 W 22nd St",NULL,40.742,-73.9929,NULL,10010,US,"New York",NY,"United States"
407,407,NULL,NULL,40.7425,-73.9929,NULL,10011,US,"New York",NY,"United States"
408,408,"291 Broadway Rm 1105",NULL,40.7423,-73.993,NULL,10007,US,"New York",NY,"United States"
409,409,"7 W 22nd St",NULL,40.7416,-73.991,NULL,10010,US,"New York",NY,"United States"
410,410,NULL,NULL,40.7418,-73.9926,NULL,10010,US,"New York",NY,"United States"
411,411,"170 E 2nd St",A/B,40.7421,-73.9928,NULL,10009,US,"New York",NY,"United States"
412,412,"16 W 22nd St",Broadway,40.741,-73.9914,NULL,10010,US,"New York",NY,"United States"
413,413,"W 23rd St.","Btwn 5th and 6th Ave.",40.7418,-73.9928,NULL,10010,US,"New York",NY,"United States"
414,414,NULL,NULL,40.7422,-73.9926,NULL,NULL,US,"New York",NY,"United States"
415,415,"46 W 22nd St","6th Ave",40.7419,-73.9925,NULL,10010,US,"New York",NY,"United States"
416,416,"135 W 27th St",NULL,40.7463,-73.9924,NULL,10001,US,"New York",NY,"United States"
417,417,"56 W 22nd St","6th Ave",40.742,-73.9931,NULL,10010,US,"New York",NY,"United States"
418,418,NULL,NULL,40.7421,-73.9931,NULL,NULL,US,"New York",NY,"United States"
419,419,"50 W 23rd St",NULL,40.7423,-73.9917,NULL,10010,US,"New York",NY,"United States"
420,420,"56 W 22nd St",NULL,40.7418,-73.9926,NULL,10010,US,"New York",NY,"United States"
421,421,"273 Main St",NULL,40.8325,-73.6979,NULL,11050,US,"Port Washington",NY,"United States"
422,422,"56 W 22nd St","6th ave",40.7418,-73.9929,NULL,10010,US,"New York",NY,"United States"
423,423,"60 W 23rd St","Sixth Avenue",40.7427,-73.9922,NULL,10010,US,"New York",NY,"United States"
424,424,"51 W 22nd St",NULL,40.7422,-73.9922,NULL,10010,US,"New York",NY,"United States"
425,425,"50 W 23rd St Rear 10","btwn 5th & 6th Ave",40.7424,-73.9917,NULL,10010,US,"New York",NY,"United States"
426,426,"902 Broadway",NULL,40.7423,-73.9931,NULL,10010,US,"New York",NY,"United States"
427,427,"50 W 23rd St","5th and 6th Ave",40.7421,-73.9923,NULL,10010,US,"New York",NY,"United States"
428,428,"56 W 22nd St","6th Ave",40.7421,-73.9929,NULL,10010,US,"New York",NY,"United States"
429,429,"23rd Street","5th Ave",40.7422,-73.993,NULL,10010,US,"New York",NY,"United States"
430,430,"14 W 23rd St","5th Ave",40.7422,-73.9931,NULL,10010,US,"New York",NY,"United States"
431,431,NULL,NULL,40.742,-73.9927,NULL,10010,US,"New York",NY,"United States"
432,432,NULL,NULL,40.7419,-73.9929,NULL,10010,US,"New York",NY,"United States"
433,433,NULL,NULL,40.7421,-73.9925,NULL,NULL,US,"New York",NY,"United States"
434,434,NULL,NULL,40.7421,-73.993,NULL,10001,US,"New York",NY,"United States"
435,435,"54 W 22nd St","6th Ave",40.7418,-73.9928,NULL,10010,US,"New York",NY,"United States"
436,436,NULL,NULL,40.7818,-73.9732,NULL,10024,US,"New York",NY,"United States"
437,437,"112 West 26th","6th Avenue",40.7424,-73.9922,NULL,NULL,US,"New York",NY,"United States"
438,438,"20 W 22nd St","5th Ave",40.7422,-73.9925,NULL,10010,US,"New York",NY,"United States"
439,439,"56 W 22nd St",NULL,40.7418,-73.9927,NULL,10010,US,"New York",NY,"United States"
440,440,NULL,NULL,40.7425,-73.9927,NULL,NULL,US,"New York",NY,"United States"
441,441,"118 W 22nd St",NULL,40.7403,-73.9932,NULL,10011,US,"New York",NY,"United States"
442,442,"17 W. 21st St.",NULL,40.7422,-73.9931,NULL,NULL,US,"New York",NY,"United States"
443,443,"540 Avenue of the Americas","btwn 14th & 15th",40.7376,-73.9963,NULL,10011,US,"New York",NY,"United States"
444,444,"14th St & 9th Ave",NULL,40.7419,-73.9922,NULL,NULL,US,"New York",NY,"United States"
445,445,"78 5th Ave Fl 5","btw W 13th St & W 14th St",40.7422,-73.9928,NULL,10011,US,"New York",NY,"United States"
446,446,NULL,NULL,40.7425,-73.993,NULL,NULL,US,"New York",NY,"United States"
447,447,"219 Loyola Ave",Tulane,29.9543,-90.0751,NULL,70112,US,"New Orleans",LA,"United States"
448,448,"1415 Tulane Ave Ste 2CW07",NULL,29.9558,-90.0758,NULL,70112,US,"New Orleans",LA,"United States"
449,449,NULL,NULL,29.9524,-90.0745,NULL,70118,US,"New Orleans",LA,"United States"
450,450,NULL,NULL,29.9546,-90.0747,NULL,NULL,US,"New Orleans",LA,"United States"
451,451,NULL,NULL,29.9549,-90.0748,NULL,NULL,US,"New Orleans",LA,"United States"
452,452,NULL,NULL,29.9547,-90.0753,NULL,70112,US,"New Orleans",LA,"United States"
453,453,"1120 S Carrollton Ave",NULL,29.9472,-90.1304,NULL,70118,US,"New Orleans",LA,"United States"
454,454,"330 Loyola Ave",NULL,29.953,-90.075,NULL,70112,US,"New Orleans",LA,"United States"
455,455,NULL,NULL,29.9542,-90.0751,NULL,NULL,US,NULL,Louisiana,"United States"
456,456,"144 Elk Pl",NULL,29.955,-90.0738,NULL,70112,US,"New Orleans",LA,"United States"
457,457,NULL,NULL,29.9547,-90.0751,NULL,NULL,US,"New Orleans",LA,"United States"
458,458,"212 Loyola Ave",NULL,29.9541,-90.0747,NULL,70112,US,"New Orleans",LA,"United States"
459,459,"Tidewater, Suite 2400",NULL,29.9558,-90.0749,NULL,70112,US,"New Orleans",LA,"United States"
460,460,"Loyola Avenue","Tulane Avenue",29.9542,-90.075,NULL,NULL,US,"New Orleans",LA,"United States"
461,461,NULL,NULL,29.9549,-90.0746,NULL,70112,US,"New Orleans",LA,"United States"
462,462,"1415 Tulane Ave",NULL,29.9558,-90.0763,NULL,70112,US,"New Orleans",LA,"United States"
463,463,"234 Loyola Ave",NULL,29.9536,-90.0748,NULL,70112,US,"New Orleans",LA,"United States"
464,464,"144 Elk Pl",NULL,29.9551,-90.0738,NULL,70112,US,"New Orleans",LA,"United States"
465,465,NULL,NULL,29.954,-90.075,NULL,NULL,US,"New Orleans",LA,"United States"
466,466,"210 S Villere St",NULL,29.9565,-90.0769,NULL,70112,US,"New Orleans",LA,"United States"
467,467,"1111 Tulane Ave",NULL,29.9553,-90.0762,NULL,70112,US,"New Orleans",LA,"United States"
468,468,"1415 Tulane Ave Fl 7","7th Floor",29.9556,-90.0758,NULL,70112,US,"New Orleans",LA,"United States"
469,469,"1010 Common St","S Rampart",29.9538,-90.0739,NULL,70112,US,"New Orleans",LA,"United States"
470,470,"234 Loyola Ave","Gravier St",29.9535,-90.0751,NULL,70112,US,"New Orleans",LA,"United States"
471,471,"1010 Common St #2000",NULL,29.9537,-90.0738,NULL,NULL,US,"New Orleans",LA,"United States"
472,472,"1111 Gravier St",NULL,29.9534,-90.0744,NULL,70112,US,"New Orleans",LA,"United States"
473,473,"1420 Tulane Ave","S Liberty St",29.9551,-90.0764,NULL,70112,US,"New Orleans",LA,"United States"
474,474,NULL,NULL,29.9535,-90.0749,NULL,70112,US,"New Orleans",LA,"United States"
475,475,NULL,NULL,29.9535,-90.0749,NULL,70112,US,"New Orleans",LA,"United States"
476,476,NULL,NULL,29.9533,-90.075,NULL,70112,US,"New Orleans",LA,"United States"
477,477,NULL,NULL,29.9535,-90.075,NULL,70130,US,"New Orleans",LA,"United States"
478,478,NULL,NULL,29.9545,-90.0743,NULL,70112,US,"New Orleans",LA,"United States"
479,479,"Tulane Medical Center","1415 Tulane Ave.",29.9555,-90.0766,NULL,70112,US,"New Orleans",LA,"United States"
480,480,NULL,NULL,29.9555,-90.0743,NULL,NULL,US,"New Orleans",LA,"United States"
481,481,NULL,NULL,29.9549,-90.0744,NULL,70112,US,"New Orleans",LA,"United States"
482,482,NULL,NULL,29.9535,-90.0751,NULL,70112,US,"New Orleans",LA,"United States"
483,483,"234 Loyola Ave",NULL,29.9536,-90.0748,NULL,70112,US,"New Orleans",LA,"United States"
484,484,"234 Loyola Ave",NULL,29.9538,-90.0746,NULL,70112,US,"New Orleans",LA,"United States"
485,485,NULL,NULL,29.9535,-90.075,NULL,70112,US,"New Orleans",LA,"United States"
486,486,"1111 Gravier St",NULL,29.9535,-90.0742,NULL,70112,US,"New Orleans",LA,"United States"
487,487,"330 Loyola Ave",NULL,29.9531,-90.0751,NULL,70112,US,"New Orleans",LA,"United States"
488,488,NULL,NULL,29.9535,-90.0752,NULL,70112,US,"New Orleans",LA,"United States"
489,489,"234 Loyola Ave",Gravier,29.9536,-90.0748,NULL,70112,US,"New Orleans",LA,"United States"
490,490,"1415 Tulane Ave, Main Entance","Main Entance",29.9562,-90.0765,NULL,70112,US,"New Orleans",LA,"United States"
491,491,"234 Loyola Ave",NULL,29.9536,-90.0748,NULL,70112,US,"New Orleans",LA,"United States"
492,492,"234 Loyola Ave","Gravier St",29.9536,-90.0748,NULL,70112,US,"New Orleans",LA,"United States"
493,493,NULL,NULL,29.9535,-90.075,NULL,70112,US,"New Orleans",LA,"United States"
494,494,NULL,NULL,29.9551,-90.0759,NULL,NULL,US,"New Orleans",LA,"United States"
495,495,"1116 Tulane Ave",NULL,29.9538,-90.0746,NULL,70112,US,"New Orleans",LA,"United States"
496,496,NULL,NULL,29.9536,-90.0749,NULL,70112,US,"New Orleans",LA,"United States"
497,497,"234 Loyola Ave",NULL,29.9535,-90.0751,NULL,70112,US,"New Orleans",LA,"United States"
498,498,NULL,NULL,29.9552,-90.0752,NULL,NULL,US,"New Orleans",LA,"United States"
499,499,NULL,NULL,29.9534,-90.075,NULL,70112,US,"New Orleans",LA,"United States"
500,500,"1111 Gravier St",NULL,29.9538,-90.0746,NULL,70112,US,"New Orleans",LA,"United States"
501,501,NULL,NULL,29.9546,-90.0755,NULL,NULL,US,"New Orleans",LA,"United States"
502,502,"Elk Place & Canal St.",NULL,29.9551,-90.0749,NULL,70112,US,"New Orleans",LA,"United States"
503,503,"Elk Place",Cleveland,29.9556,-90.0744,NULL,NULL,US,"New Orleans",LA,"United States"
504,504,NULL,NULL,29.9538,-90.075,NULL,70112,US,"New Orleans",LA,"United States"
505,505,"Loyola St",NULL,29.9555,-90.0762,NULL,NULL,US,"New Orleans",LA,"United States"
506,506,"1010 Common St Ste 2950",NULL,29.9534,-90.0738,NULL,70112,US,"New Orleans",LA,"United States"
507,507,"234 Loyola Ave",NULL,29.9535,-90.0748,NULL,70112,US,"New Orleans",LA,"United States"
508,508,"234 Loyola Ave","inside Pythian Market",29.9536,-90.0748,NULL,70112,US,"New Orleans",LA,"United States"
509,509,NULL,NULL,29.9534,-90.0757,NULL,70112,US,"New Orleans",LA,"United States"
510,510,NULL,NULL,29.9556,-90.0761,NULL,70112,US,"New Orleans",LA,"United States"
511,511,NULL,NULL,29.9553,-90.0752,NULL,70112,US,"New Orleans",LA,"United States"
512,512,"4310 Dumaine St",NULL,29.9828,-90.0978,NULL,70119,US,"New Orleans",LA,"United States"
513,513,NULL,NULL,29.9545,-90.0744,NULL,NULL,US,"New Orleans",LA,"United States"
514,514,NULL,NULL,29.9552,-90.0752,NULL,NULL,US,"New Orleans",LA,"United States"
515,515,NULL,NULL,29.9544,-90.0747,NULL,70112,US,"New Orleans",LA,"United States"
516,516,NULL,NULL,29.9542,-90.0741,NULL,NULL,US,"New Orleans",LA,"United States"
517,517,NULL,NULL,29.9548,-90.0758,NULL,NULL,US,"New Orleans",LA,"United States"
518,518,NULL,NULL,29.9553,-90.076,NULL,NULL,US,"New Orleans",LA,"United States"
519,519,NULL,NULL,29.9549,-90.0765,NULL,NULL,US,"New Orleans",LA,"United States"
520,520,NULL,NULL,29.9547,-90.0751,NULL,NULL,US,"New Orleans",LA,"United States"
521,521,NULL,NULL,29.9557,-90.076,NULL,NULL,US,"New Orleans",LA,"United States"
522,522,NULL,NULL,29.9554,-90.0766,NULL,NULL,US,"New Orleans",LA,"United States"
523,523,NULL,NULL,29.9554,-90.0766,NULL,NULL,US,"New Orleans",LA,"United States"
524,524,204,"South Saratoga",29.955,-90.075,NULL,70112,US,"New Orleans",LA,"United States"
525,525,NULL,NULL,29.9558,-90.076,NULL,NULL,US,"New Orleans",LA,"United States"
526,526,NULL,NULL,29.9544,-90.0751,NULL,70116,US,"New Orleans",LA,"United States"
527,527,NULL,NULL,29.9547,-90.0751,NULL,NULL,US,"New Orleans",LA,"United States"
528,528,NULL,NULL,29.9547,-90.0751,NULL,NULL,US,"New Orleans",LA,"United States"
529,529,NULL,NULL,29.9554,-90.0763,NULL,NULL,US,"New Orleans",LA,"United States"
530,530,"1661 Canal At",NULL,29.9534,-90.0738,NULL,70130,US,"New Orleans",LA,"United States"
531,531,NULL,NULL,29.9538,-90.0735,NULL,70112,US,"New Orleans",LA,"United States"
532,532,NULL,NULL,29.9562,-90.0754,NULL,NULL,US,"New Orleans",LA,"United States"
533,533,"1415 Tulane Ave",NULL,29.9553,-90.0762,NULL,70112,US,"New Orleans",LA,"United States"
534,534,"127 Elk Pl",NULL,29.9558,-90.0743,NULL,70112,US,"New Orleans",LA,"United States"
535,535,"La Salle and Poydras",NULL,29.9547,-90.0762,NULL,70112,US,"New Orleans",LA,"United States"
536,536,NULL,NULL,29.9554,-90.0755,NULL,70112,US,"New Orleans",LA,"United States"
537,537,NULL,NULL,29.9551,-90.0748,NULL,70112,US,"New Orleans",LA,"United States"
538,538,NULL,NULL,29.9553,-90.0759,NULL,70112,US,"New Orleans",LA,"United States"
539,539,NULL,NULL,29.9555,-90.0754,NULL,NULL,US,NULL,Louisiana,"United States"
540,540,NULL,NULL,29.9555,-90.0753,NULL,NULL,US,"New Orleans",LA,"United States"
541,541,NULL,NULL,29.9555,-90.0756,NULL,NULL,US,"New Orleans",LA,"United States"
542,542,"500 Poydras Plz",NULL,29.9498,-90.0777,NULL,70113,US,"New Orleans",LA,"United States"
543,543,NULL,NULL,29.956,-90.0749,NULL,NULL,US,"New Orleans",LA,"United States"
544,544,"4000 Willow Ln",NULL,29.9542,-90.0753,NULL,70447,US,Madisonville,LA,"United States"
545,545,NULL,NULL,29.9554,-90.076,NULL,NULL,US,NULL,Louisiana,"United States"
546,546,NULL,NULL,29.9545,-90.074,NULL,70112,US,"New Orleans",LA,"United States"
547,547,"1010 Common St Ste 810",NULL,29.9543,-90.0739,NULL,70112,US,"New Orleans",LA,"United States"
548,548,"1010 Common",NULL,29.954,-90.0736,NULL,70112,US,"New Orleans",LA,"United States"
549,549,NULL,NULL,29.9559,-90.0754,NULL,NULL,US,NULL,Louisiana,"United States"
550,550,NULL,NULL,29.9558,-90.076,NULL,70112,US,"New Orleans",LA,"United States"
551,551,NULL,NULL,29.9554,-90.0767,NULL,NULL,US,"New Orleans",LA,"United States"
552,552,"127 Elk Pl",NULL,29.9553,-90.0762,NULL,70112,US,"New Orleans",LA,"United States"
553,553,NULL,NULL,29.9557,-90.0753,NULL,NULL,US,"New Orleans",LA,"United States"
554,554,"1014 Dumaine St",NULL,29.9615,-90.0664,NULL,70116,US,"New Orleans",LA,"United States"
555,555,NULL,NULL,29.9555,-90.0766,NULL,NULL,US,"New Orleans",LA,"United States"
556,556,Tulane,Loyola,29.9554,-90.0759,NULL,70112,US,"New Orleans",LA,"United States"
557,557,"204 S Saratoga St",NULL,29.9553,-90.0762,NULL,70112,US,"New Orleans",LA,"United States"
558,558,NULL,NULL,29.9561,-90.0749,NULL,70112,US,"New Orleans",LA,"United States"
559,559,"127 Elk Pl Ste 261","S saratoga St.",29.9557,-90.0744,NULL,70112,US,"New Orleans",LA,"United States"
560,560,"Val?¨ncia 206",Aribau,41.3887,2.15818,NULL,08011,ES,Barcelona,Catalu?±a,Espa?±a
561,561,NULL,NULL,41.3894,2.15894,NULL,NULL,ES,NULL,NULL,Espa?±a
562,562,"Calle Valencia, 198, LOCAL A",muntaner,41.3886,2.15783,NULL,08011,ES,Barcelona,Catalu?±a,Espa?±a
563,563,Aribau,Arag?³,41.3881,2.15905,NULL,08011,ES,Barcelona,Catalu?±a,Espa?±a
564,564,"Carrer de Rocafort, 39",NULL,41.3885,2.15979,NULL,08015,ES,Barcelona,Catalu?±a,Espa?±a
565,565,"Calle Aribau 55",NULL,41.3883,2.1588,NULL,08011,ES,Barcelona,Catalu?±a,Espa?±a
566,566,"C. de Val?¨ncia, 181","C. d'Aribau",41.3889,2.1581,NULL,08011,ES,Barcelona,Catalu?±a,Espa?±a
567,567,"Carrer d'Aribau, 58",NULL,41.3885,2.15923,NULL,08011,ES,Barcelona,Catalu?±a,Espa?±a
568,568,"Aribau 70",Valencia,41.3888,2.15864,NULL,08011,ES,Barcelona,Catalu?±a,Espa?±a
569,569,"Aribau, 53",Arag?³,41.3884,2.15929,NULL,08011,ES,Barcelona,Catalu?±a,Espa?±a
570,570,"Valencia, 191",NULL,41.3893,2.15922,NULL,NULL,ES,Barcelona,Catalu?±a,Espa?±a
571,571,NULL,NULL,41.389,2.15954,NULL,NULL,ES,NULL,NULL,Espa?±a
572,572,"Mercat de la Concepcio",NULL,41.3891,2.15817,NULL,NULL,ES,NULL,NULL,Espa?±a
573,573,"C. Val?¨ncia, 183","C. Aribau",41.389,2.15845,NULL,08011,ES,Barcelona,Catalu?±a,Espa?±a
574,574,"C. d'Aribau, 57","C. de Val?¨ncia",41.3885,2.15907,NULL,08011,ES,Barcelona,Catalu?±a,Espa?±a
575,575,"Valencia 181",NULL,41.3889,2.1587,NULL,NULL,ES,Barcelona,Catalu?±a,Espa?±a
576,576,"Aribau 64",NULL,41.3889,2.15879,NULL,NULL,ES,Barcelona,Catalu?±a,Espa?±a
577,577,"Valencia 212",NULL,41.3892,2.15893,NULL,08011,ES,Barcelona,Catalu?±a,Espa?±a
578,578,NULL,NULL,41.3887,2.15835,NULL,NULL,ES,NULL,NULL,Espa?±a
579,579,"Carrer d'Aribau 68",Val?¨ncia,41.3889,2.15874,NULL,08011,ES,Barcelona,Catalu?±a,Espa?±a
580,580,NULL,NULL,41.3884,2.15899,NULL,NULL,ES,Barcelona,Catalu?±a,Espa?±a
581,581,"Carrer De La Cucurulla 9","Carrer de Roma",41.3846,2.17409,NULL,08002,ES,Barcelona,Catalu?±a,Espa?±a
582,582,"Aribau 74",NULL,41.3888,2.15899,NULL,8036,ES,Barcelona,Catalu?±a,Espa?±a
583,583,NULL,"Letamendi 7",41.3882,2.15973,NULL,NULL,ES,Barcelona,Catalu?±a,Espa?±a
584,584,"Carrer de Proven?§a 288",NULL,41.3941,2.16086,NULL,08008,ES,Barcelona,Catalu?±a,Espa?±a
585,585,NULL,NULL,41.3891,2.15849,NULL,NULL,ES,NULL,NULL,Espa?±a
586,586,"Calle Arag?³n, 203",NULL,41.3883,2.15955,NULL,NULL,ES,Barcelona,Catalu?±a,Espa?±a
587,587,"Calle Valencia 200 1-2",NULL,41.389,2.15853,NULL,NULL,ES,Barcelona,Catalu?±a,Espa?±a
588,588,NULL,NULL,41.3883,2.15921,NULL,NULL,ES,NULL,NULL,Espa?±a
589,589,"C. Val?¨ncia, 72",NULL,41.3892,2.15868,NULL,NULL,ES,Barcelona,Catalu?±a,Espa?±a
590,590,"Muntaner 84",Val?¨ncia,41.3889,2.15833,NULL,08011,ES,Barcelona,Catalu?±a,Espa?±a
591,591,"Carrer d'Aribau","Carrer d'Arago",41.3882,2.15878,NULL,08011,ES,Barcelona,Catalu?±a,Espa?±a
592,592,Val?¨ncia,NULL,41.3887,2.15806,NULL,NULL,ES,Barcelona,Catalu?±a,Espa?±a
593,593,"Pl. Catalunya n9 1",NULL,41.3886,2.15897,NULL,08002,ES,Barcelona,Catalu?±a,Espa?±a
594,594,"C/ Foner?­a 21-25",NULL,41.3888,2.15899,NULL,8038,ES,Barcelona,Catalu?±a,Espa?±a
595,595,"Carrer Arago, 209",NULL,41.3882,2.15966,NULL,08011,ES,Barcelona,Catalu?±a,Espa?±a
596,596,NULL,NULL,41.3883,2.15969,NULL,NULL,ES,NULL,NULL,Espa?±a
597,597,"Passeig Sant Joan 51",NULL,41.3893,2.15844,NULL,08009,ES,Barcelona,Catalu?±a,Espa?±a
598,598,NULL,NULL,41.3885,2.15949,NULL,NULL,ES,Barcelona,Catalu?±a,Espa?±a
599,599,"Valencia 167",NULL,41.3891,2.15841,NULL,08011,ES,Barcelona,Catalu?±a,Espa?±a
600,600,NULL,NULL,41.3891,2.15813,NULL,NULL,ES,NULL,NULL,Espa?±a
601,601,NULL,NULL,41.3887,2.1596,NULL,NULL,ES,NULL,NULL,Espa?±a
602,602,NULL,NULL,41.389,2.15834,NULL,NULL,ES,NULL,NULL,Espa?±a
603,603,NULL,NULL,41.389,2.15834,NULL,NULL,ES,NULL,NULL,Espa?±a
604,604,"Carrer Aribau, 51","Carrer Arag?³",41.3882,2.15916,NULL,08011,ES,Barcelona,Catalu?±a,Espa?±a
605,605,"Calle Arag?³n, 203","Calle Aribau",41.3882,2.15958,NULL,08007,ES,Barcelona,Catalu?±a,Espa?±a
606,606,NULL,NULL,41.3895,2.159,NULL,NULL,ES,NULL,NULL,Espa?±a
607,607,"Calle Arago 207 Barcelona",Aribau,41.3885,2.15985,NULL,08011,ES,Barcelona,Catalu?±a,Espa?±a
608,608,NULL,NULL,41.3893,2.15869,NULL,NULL,ES,NULL,NULL,Espa?±a
609,609,"Aribau 100",NULL,41.3894,2.15882,NULL,08036,ES,Barcelona,Catalu?±a,Espa?±a
610,610,NULL,NULL,41.3895,2.15897,NULL,NULL,ES,NULL,NULL,Espa?±a
611,611,NULL,NULL,41.3884,2.15924,NULL,NULL,ES,Barcelona,Catalu?±a,Espa?±a
612,612,NULL,NULL,41.3885,2.15915,NULL,NULL,ES,NULL,NULL,Espa?±a
613,613,NULL,NULL,41.389,2.15948,NULL,NULL,ES,NULL,NULL,Espa?±a
614,614,"Aribau, 67",NULL,41.389,2.15853,NULL,08011,ES,Barcelona,Catalu?±a,Espa?±a
615,615,"Carrer de Valencia 212",NULL,41.3892,2.15904,NULL,NULL,ES,Barcelona,Catalu?±a,Espa?±a
616,616,"Val?¨ncia, 189",NULL,41.3892,2.15925,NULL,08008,ES,Barcelona,Catalu?±a,Espa?±a
617,617,"Valencia, 204, Principal 1a",Aribau,41.3884,2.15848,NULL,08011,ES,Barcelona,Catalu?±a,Espa?±a
618,618,"Valencia 204 Principal 1",NULL,41.3889,2.1582,NULL,NULL,ES,Barcelona,Catalu?±a,Espa?±a
619,619,"Carrer Valencia 202","Calle Aribau",41.3885,2.15816,NULL,NULL,ES,Barcelona,Catalu?±a,Espa?±a
620,620,NULL,NULL,41.3885,2.15986,NULL,NULL,ES,NULL,NULL,Espa?±a
621,621,"Aribau 51",NULL,41.3882,2.15948,NULL,NULL,ES,Barcelona,Catalu?±a,Espa?±a
622,622,"Calle de Aribau, 72, 08011 Barcelona",NULL,41.3891,2.15851,NULL,08011,ES,Barcelona,Catalu?±a,Espa?±a
623,623,NULL,NULL,41.3892,2.15902,NULL,NULL,ES,NULL,NULL,Espa?±a
624,624,NULL,NULL,41.3885,2.1598,NULL,NULL,ES,NULL,NULL,Espa?±a
625,625,Aribau,Val?¨ncia,41.389,2.15845,NULL,NULL,ES,Barcelona,Catalu?±a,Espa?±a
626,626,NULL,NULL,41.3883,2.15853,NULL,NULL,ES,NULL,NULL,Espa?±a
627,627,NULL,NULL,41.3883,2.15905,NULL,NULL,ES,NULL,NULL,Espa?±a
628,628,NULL,NULL,41.389,2.15821,NULL,NULL,ES,NULL,NULL,Espa?±a
629,629,"Aribau, 51",NULL,41.3881,2.15928,NULL,08011,ES,Barcelona,Catalu?±a,Espa?±a
630,630,"Paseo De Gracia 117",NULL,41.389,2.15955,NULL,NULL,ES,Barcelona,Catalu?±a,Espa?±a
631,631,"Proven?§als 10",NULL,41.389,2.15992,NULL,08019,ES,Barcelona,Catalu?±a,Espa?±a
632,632,"Carrer de Val?¨ncia",NULL,41.3893,2.159,NULL,08011,ES,Barcelona,Catalu?±a,Espa?±a
633,633,"C/ Aribau, 55",NULL,41.3883,2.15875,NULL,08016,ES,Barcelona,Catalu?±a,Espa?±a
634,634,NULL,NULL,41.3895,2.15906,NULL,NULL,ES,NULL,NULL,Espa?±a
635,635,"Avinguda Ic? ria 160",NULL,41.3881,2.15935,NULL,NULL,ES,Barcelona,Catalu?±a,Espa?±a
636,636,"C. d'Aribau, 74","C. de Val?¨ncia",41.3893,2.15817,NULL,08036,ES,Barcelona,Catalu?±a,Espa?±a
637,637,NULL,NULL,37.9795,23.7159,NULL,"118 54",GR,?‘???®?½?±,?‘?„?„?????®,?•?»?»?¬???±
638,638,NULL,NULL,37.9795,23.7159,NULL,NULL,GR,NULL,NULL,?•?»?»?¬???±
639,639,"?™?µ??¬ ?????‚ 30",??µ??±???µ???????,37.9801,23.7138,NULL,"104 35",GR,?‘???®?½?±,?‘?„?„?????®,?•?»?»?¬???±
640,640,"? ?µ????±???‰?‚ & ?™?µ??¬ ??????",NULL,37.9789,23.7175,NULL,NULL,GR,??µ??±???µ??????‚,?‘?„?„?????®,?•?»?»?¬???±
641,641,"?™?µ??¬ ?????‚",? ?µ????±????‚,37.9793,23.7152,NULL,"118 54",GR,?‘???®?½?±,?‘?„?„?????®,?•?»?»?¬???±
642,642,"???µ??± ???????‚ 11",NULL,37.9789,23.7159,NULL,NULL,GR,NULL,NULL,?•?»?»?¬???±
643,643,"Plataion 4",NULL,37.9797,23.7177,NULL,"104 35",GR,?‘???®?½?±,?‘?„?„?????®,?•?»?»?¬???±
644,644,"?™?µ??¬ ?????‚ 16",NULL,37.9792,23.7158,NULL,"104 35",GR,?‘???®?½?±,?‘?„?„?????®,?•?»?»?¬???±
645,645,"? ?»?±?„?±????½ 10",?“??±?½???????,37.9804,23.7171,NULL,"104 35",GR,?‘???®?½?±,?‘?„?„?????®,?•?»?»?¬???±
646,646,"??µ??±???µ??????? 110",?›?µ?‰?½???????…,37.9803,23.7152,NULL,"104 35",GR,?‘???®?½?±,?‘?„?„?????®,?•?»?»?¬???±
647,647,"?™?µ??¬ ?????‚ 14",? ?µ????±????‚,37.979,23.7157,NULL,NULL,GR,?‘???®?½?±,?‘?„?„?????®,?•?»?»?¬???±
648,648,"Pireos 84",NULL,37.9798,23.7181,NULL,"104 35",GR,?‘???®?½?±,?‘?„?„?????®,?•?»?»?¬???±
649,649,"? ?»?±?„?±????½ 10",NULL,37.9805,23.717,NULL,"104 35",GR,?‘???®?½?±,?‘?„?„?????®,?•?»?»?¬???±
650,650,"??µ??±???µ??????? 116","?™?µ??¬ ?????‚",37.9799,23.7148,NULL,"104 35",GR,?‘???®?½?±,?‘?„?„?????®,?•?»?»?¬???±
651,651,"?™?µ??¬ ?????‚ 18-20",NULL,37.9794,23.7154,NULL,"104 35",GR,?‘???®?½?±,?‘?„?„?????®,?•?»?»?¬???±
652,652,?’???…?„?¬???‰?½,? ?µ????±????‚,37.9788,23.7148,NULL,"118 54",GR,?“???¬?¶??,?‘?„?„?????®,?•?»?»?¬???±
653,653,"?‘??„?µ?????ƒ?????… 4",??µ??±???µ???????,37.9802,23.7149,NULL,"104 35",GR,?‘???®?½?±,?‘?„?„?????®,?•?»?»?¬???±
654,654,"??µ??±???µ??????? 93-95",NULL,37.9808,23.7169,NULL,"104 35",GR,?‘???®?½?±,?‘?„?„?????®,?•?»?»?¬???±
655,655,"Ierofanton 13",Voutadon,37.9788,23.7144,NULL,"118 54",GR,?‘???®?½?±,?‘?„?„?????®,?•?»?»?¬???±
656,656,"?™?µ??¬ ?????‚ 7-11",NULL,37.9787,23.7159,NULL,"118 54",GR,?‘???®?½?±,?‘?„?„?????®,?•?»?»?¬???±
657,657,"6 Voutadon",NULL,37.9785,23.7152,NULL,"118 54",GR,?‘???®?½?±,?‘?„?„?????®,?•?»?»?¬???±
658,658,"?™?µ??¬ ?????‚ 16",NULL,37.9794,23.7153,NULL,"104 35",GR,?‘???®?½?±,?‘?„?„?????®,?•?»?»?¬???±
659,659,"?™?µ????†?±?½?„??½ 13",NULL,37.9788,23.7145,NULL,"118 54",GR,?‘???®?½?±,?‘?„?„?????®,?•?»?»?¬???±
660,660,"?™?µ??¬ ?????‚ 21",NULL,37.9795,23.7147,NULL,NULL,GR,NULL,NULL,?•?»?»?¬???±
661,661,NULL,NULL,37.978,23.7157,NULL,"118 54",GR,?‘???®?½?±,?‘?„?„?????®,?•?»?»?¬???±
662,662,NULL,NULL,37.9807,23.7176,NULL,NULL,GR,?‘???®?½?±,?‘?„?„?????®,?•?»?»?¬???±
663,663,"30 Iera Odos",NULL,37.98,23.7141,NULL,"104 35",GR,?‘???®?½?±,?‘?„?„?????®,?•?»?»?¬???±
664,664,NULL,NULL,37.9778,23.7156,NULL,"118 54",GR,??„???½?‹,NULL,?•?»?»?¬???±
665,665,NULL,NULL,37.9802,23.7178,NULL,NULL,GR,?‘???®?½?±,?‘?„?„?????®,?•?»?»?¬???±
666,666,"??µ??±???µ??????? 88",? ?»?±?„?±????½,37.9808,23.7167,NULL,NULL,GR,?‘???®?½?±,?‘?„?„?????®,?•?»?»?¬???±
667,667,?•??????…,NULL,37.9782,23.716,NULL,"105 53",GR,?‘???®?½?±,?‘?„?„?????®,?•?»?»?¬???±
668,668,NULL,NULL,37.9779,23.7155,NULL,"118 54",GR,?‘???®?½?±,?‘?„?„?????®,?•?»?»?¬???±
669,669,"??µ??±???µ??????? 88",NULL,37.9809,23.7168,NULL,"104 35",GR,?‘???®?½?±,?‘?„?„?????®,?•?»?»?¬???±
670,670,?•??????,NULL,37.9782,23.7159,NULL,"118 54",GR,?‘???®?½?±,?‘?„?„?????®,?•?»?»?¬???±
671,671,NULL,NULL,37.978,23.7155,NULL,"105 53",GR,?‘???®?½?±,?‘?„?„?????®,?•?»?»?¬???±
672,672,"?™?µ??¬ ??????‚ 7-11",NULL,37.9794,23.7153,NULL,NULL,GR,?‘???®?½?±,?‘?„?„?????®,?•?»?»?¬???±
673,673,"?™?µ????†?±?½?„??½ 13",NULL,37.9786,23.7143,NULL,"118 54",GR,?‘???®?½?±,?‘?„?„?????®,?•?»?»?¬???±
674,674,NULL,NULL,37.9793,23.7152,NULL,"118 54",GR,?‘???®?½?±,?‘?„?„?????®,?•?»?»?¬???±
675,675,"?™?µ??¬ ?????‚ 11",NULL,37.9794,23.7153,NULL,NULL,GR,?‘???®?½?±,?‘?„?„?????®,?•?»?»?¬???±
676,676,NULL,NULL,37.9788,23.7149,NULL,NULL,GR,NULL,NULL,?•?»?»?¬???±
677,677,"?•?????? 152",? ?µ????±????‚,37.9778,23.7162,NULL,"118 54",GR,?‘???®?½?±,?‘?„?„?????®,?•?»?»?¬???±
678,678,? ?»?±?„?±????½,??µ??±???µ???????,37.9807,23.7168,NULL,NULL,GR,?‘???®?½?±,?‘?„?„?????®,?•?»?»?¬???±
679,679,"? ?»?±?„?±????½ 4-6",?‘?³?·?ƒ???»?¬???…,37.9807,23.7168,NULL,"104 35",GR,?‘???®?½?±,?‘?„?„?????®,?•?»?»?¬???±
680,680,"RUE DE BRANTIGNIES 38",NULL,37.9795,23.7162,NULL,7800,GR,?‘???®?½?±,?‘?„?„?????®,?•?»?»?¬???±
681,681,? ?µ?„??±?»?‰?½?±,NULL,37.9782,23.7158,NULL,NULL,GR,NULL,NULL,?•?»?»?¬???±
682,682,"?™?µ??± ??????‚ 15",NULL,37.9796,23.7144,NULL,"118 54",GR,?‘???®?½?±,?‘?„?„?????®,?•?»?»?¬???±
683,683,"? ?µ????±????‚ 100",?¤?µ?‡?½??€???»???‚,37.9782,23.7147,NULL,"118 54",GR,?‘???®?½?±,?‘?„?„?????®,?•?»?»?¬???±
684,684,"?™?µ??¬ ?????‚ 11-15",NULL,37.9794,23.715,NULL,"118 54",GR,?‘???®?½?±,?‘?„?„?????®,?•?»?»?¬???±
685,685,"?™?µ??¬ ?????‚ 7-11",? ?µ????±????‚,37.9794,23.7152,NULL,"118 54",GR,?“???¬?¶??,?‘?„?„?????®,?•?»?»?¬???±
686,686,"?’???…?„?¬???‰?½ 6",NULL,37.9785,23.7147,NULL,NULL,GR,?‘???®?½?±,?‘?„?„?????®,?•?»?»?¬???±
687,687,NULL,NULL,37.9783,23.7161,NULL,"118 54",GR,?‘???®?½?±,?‘?„?„?????®,?•?»?»?¬???±
688,688,"?™?µ??¬ ?????‚",? ?µ????±????‚,37.9792,23.715,NULL,"118 54",GR,?‘???®?½?±,?‘?„?„?????®,?•?»?»?¬???±
689,689,"? ?µ????±????‚ 100",?¤?µ?‡?½??€???»???‚,37.9782,23.7147,NULL,"118 54",GR,?‘???®?½?±,?‘?„?„?????®,?•?»?»?¬???±
690,690,"? ?µ????±????‚ 82",NULL,37.9798,23.7181,NULL,NULL,GR,NULL,NULL,?•?»?»?¬???±
691,691,"?“??±?½??????? 21",NULL,37.9806,23.7173,NULL,"104 35",GR,?‘???®?½?±,?‘?„?„?????®,?•?»?»?¬???±
692,692,"??»?µ?????²???„???… 2",NULL,37.9798,23.7175,NULL,"104 35",GR,?‘???®?½?±,?‘?„?„?????®,?•?»?»?¬???±
693,693,"?£?±?»?±?????½???‚ 30",??±??±????½???‚,37.9811,23.7172,NULL,"104 35",GR,?‘???®?½?±,?‘?„?„?????®,?•?»?»?¬???±
694,694,"? ?µ????±????‚ 84","?ƒ?„?? BIOS",37.9797,23.7182,NULL,NULL,GR,?‘???®?½?±,?‘?„?„?????®,?•?»?»?¬???±
695,695,"?’???…?„?¬???‰?½ 4","?™?µ??± ?????‚",37.9785,23.7147,NULL,"118 54",GR,?‘???®?½?±,?‘?„?„?????®,?•?»?»?¬???±
696,696,"Agisilaou 88",NULL,37.9803,23.7177,NULL,"104 35",GR,?‘???®?½?±,?‘?„?„?????®,?•?»?»?¬???±
697,697,"Voutadon 6",NULL,37.9785,23.7145,NULL,"118 54",GR,?‘???®?½?±,?‘?„?„?????®,?•?»?»?¬???±
698,698,"? ????????????… 6",NULL,37.9805,23.7151,NULL,"104 35",GR,?‘???®?½?±,?‘?„?„?????®,?•?»?»?¬???±
699,699,NULL,NULL,37.9785,23.7146,NULL,"118 54",GR,?‘???®?½?±,?‘?„?„?????®,?•?»?»?¬???±
700,700,NULL,NULL,37.9793,23.7141,NULL,"118 54",GR,?‘???®?½?±,?‘?„?„?????®,?•?»?»?¬???±
701,701,"Papadiamontopoulou 37",NULL,37.9795,23.7162,NULL,"115 28",GR,?‘???®?½?±,?‘?„?„?????®,?•?»?»?¬???±
702,702,"?§?¬????„???‚ 4,",????»?‰?½?¬????,37.9795,23.7162,NULL,"106 75",GR,?‘???®?½?±,?‘?„?„?????®,?•?»?»?¬???±
703,703,"???µ??????½?·?‚ 4",NULL,37.9795,23.7162,NULL,"164 52",GR,?‘??³?…?????€???»?·,?‘?„?„?????®,?•?»?»?¬???±
704,704,"315 Whitehead Road",NULL,37.9795,23.7162,NULL,"306 06",GR,Athens,NULL,?•?»?»?¬???±
705,705,"Dameou 4",NULL,37.9803,23.7163,NULL,"104 35",GR,?‘???®?½?±,?‘?„?„?????®,?•?»?»?¬???±
706,706,"?™?µ??¬ ?????‚ 22",NULL,37.9797,23.7151,NULL,NULL,GR,?‘???®?½?±,?‘?„?„?????®,?•?»?»?¬???±
707,707,"Leonidou 83",Filodimou,37.9811,23.7158,NULL,"104 35",GR,?‘???®?½?±,?‘?„?„?????®,?•?»?»?¬???±
708,708,NULL,NULL,37.9806,23.7157,NULL,NULL,GR,NULL,NULL,?•?»?»?¬???±
709,709,? ?µ????±????‚,"?™?µ??¬ ?????‚",37.9782,23.7155,NULL,"118 54",GR,?‘???®?½?±,?‘?„?„?????®,?•?»?»?¬???±
710,710,NULL,NULL,37.9781,23.7157,NULL,"118 54",GR,?‘???®?½?±,?‘?„?„?????®,?•?»?»?¬???±
711,711,NULL,NULL,37.978,23.7156,NULL,"105 53",GR,?‘???®?½?±,?‘?„?„?????®,?•?»?»?¬???±
712,712,"??µ??±???µ??????? 93-95",? ?»?±?„?±????½,37.9808,23.7169,NULL,"104 35",GR,??µ??±???µ??????‚,?‘?„?„?????®,?•?»?»?¬???±
713,713,"? ?µ????±????‚ 84","?£?±?»?±?????½???‚ 13",37.98,23.718,NULL,"104 35",GR,?‘???®?½?±,?‘?„?„?????®,?•?»?»?¬???±
714,714,NULL,NULL,37.9787,23.7151,NULL,NULL,GR,NULL,NULL,?•?»?»?¬???±
715,715,"? ?µ????±????‚ 84",NULL,37.9801,23.718,NULL,"104 35",GR,?‘???®?½?±,?‘?„?„?????®,?•?»?»?¬???±
716,716,"? ?»?±?„?±????½ 4",NULL,37.9799,23.7175,NULL,NULL,GR,NULL,NULL,?•?»?»?¬???±
717,717,"?™?µ??¬ ?????‚",NULL,37.9796,23.7146,NULL,NULL,GR,?‘???®?½?±,?‘?„?„?????®,?•?»?»?¬???±
718,718,"? ?»?±?„?±????½ 27",??…??‰?½???????…,37.9812,23.7163,NULL,"104 35",GR,?‘???®?½?±,?‘?„?„?????®,?•?»?»?¬???±
719,719,"?‘?³?·?ƒ???»?¬???… 88",?£?±?»?±?????½???‚,37.9804,23.718,NULL,NULL,GR,??µ??±???µ??????‚,?‘?„?„?????®,?•?»?»?¬???±
720,720,"?™?µ??± ??????‚ 7-13",NULL,37.9793,23.7157,NULL,"118 54",GR,?‘???®?½?±,?‘?„?„?????®,?•?»?»?¬???±
721,721,"?™?µ??¬ ?????‚ 21",NULL,37.9797,23.7146,NULL,NULL,GR,?‘???®?½?±,?‘?„?„?????®,?•?»?»?¬???±
722,722,"?™?µ??¬ ?????‚ 22",NULL,37.9797,23.7152,NULL,NULL,GR,?‘???®?½?±,?‘?„?„?????®,?•?»?»?¬???±
723,723,NULL,NULL,37.9806,23.7168,NULL,"104 35",GR,?‘???®?½?±,?‘?„?„?????®,?•?»?»?¬???±
724,724,NULL,NULL,37.9776,23.7164,NULL,NULL,GR,NULL,NULL,?•?»?»?¬???±
725,725,"Kolokotroni 12",Lekka,37.9795,23.7162,NULL,"105 61",GR,?‘???®?½?±,?‘?„?„?????®,?•?»?»?¬???±
726,726,"?›?µ?‰?½???????… 79",??…???·?½??½,37.9812,23.7161,NULL,"104 35",GR,??µ??±???µ??????‚,?‘?„?„?????®,?•?»?»?¬???±
727,727,"?’???…?„?¬???‰?½ 8-10",NULL,37.9785,23.7147,NULL,"118 54",GR,?‘???®?½?±,?‘?„?„?????®,?•?»?»?¬???±
728,728,"?›?µ?‰?½???????… 87","??…???¬?»?·?‚ 25",37.9809,23.7154,NULL,"105 34",GR,?‘???®?½?±,?‘?„?„?????®,?•?»?»?¬???±
729,729,"?™?µ??¬ ?????‚ 11",NULL,37.9792,23.7151,NULL,"118 54",GR,?‘???®?½?±,?‘?„?„?????®,?•?»?»?¬???±
730,730,"? ?»?±?„?±????½ 10",?“??±?½???????,37.9812,23.7164,NULL,"104 35",GR,?‘???®?½?±,?‘?„?„?????®,?•?»?»?¬???±
731,731,??µ??±???µ???????,NULL,37.9808,23.7167,NULL,"104 43",GR,?‘???®?½?±,?‘?„?„?????®,?•?»?»?¬???±
732,732,"? ?»?±?„?±????½ 18",NULL,37.981,23.7165,NULL,"104 35",GR,?‘???®?½?±,?‘?„?„?????®,?•?»?»?¬???±
733,733,NULL,NULL,37.9797,23.7178,NULL,NULL,GR,NULL,NULL,?•?»?»?¬???±
734,734,"? ?µ????±????‚ 84",?£?±?»?±?????½???‚,37.9798,23.7181,NULL,"104 35",GR,?‘???®?½?±,?‘?„?„?????®,?•?»?»?¬???±
735,735,NULL,NULL,37.9791,23.7166,NULL,NULL,GR,?‘???®?½?±,?‘?„?„?????®,?•?»?»?¬???±
736,736,"??»?µ?????²???„???… 14",NULL,37.9804,23.7164,NULL,"104 35",GR,?‘???®?½?±,?‘?„?„?????®,?•?»?»?¬???±
737,737,??µ??±???µ???????,? ?»?±?„?±????½,37.9809,23.7167,NULL,NULL,GR,?‘???®?½?±,?‘?„?„?????®,?•?»?»?¬???±
738,738,"? ?µ????±????‚ 76","4???‚ ?????†???‚",37.9801,23.7188,NULL,"104 35",GR,?‘???®?½?±,?‘?„?„?????®,?•?»?»?¬???±
739,739,NULL,NULL,37.9793,23.7167,NULL,"122 44",GR,?‘???®?½?±,?‘?„?„?????®,?•?»?»?¬???±
740,740,"?›?•?©??™?”??¥ 102",NULL,37.9809,23.7153,NULL,"104 35",GR,?‘???®?½?±,?‘?„?„?????®,?•?»?»?¬???±
741,741,"?‘?³?·?ƒ???»?¬???… 71",NULL,37.9799,23.7169,NULL,"104 35",GR,?‘???®?½?±,?‘?„?„?????®,?•?»?»?¬???±
742,742,"? ?µ????±????‚ 86",NULL,37.9796,23.7178,NULL,"104 35",GR,?‘???®?½?±,?‘?„?„?????®,?•?»?»?¬???±
743,743,NULL,NULL,37.9783,23.7145,NULL,NULL,GR,NULL,NULL,?•?»?»?¬???±
744,744,"? ?»?±?„?±????½ 21",NULL,37.9809,23.7165,NULL,"104 35",GR,?‘???®?½?±,?‘?„?„?????®,?•?»?»?¬???±
745,745,"?’???…?„?¬???‰?½ 6",NULL,37.9785,23.7148,NULL,"118 54",GR,?‘???®?½?±,?‘?„?„?????®,?•?»?»?¬???±
746,746,?›?µ?‰?½???????…,?“???±?„??±?????…,37.9811,23.7161,NULL,NULL,GR,?‘???®?½?±,?‘?„?„?????®,?•?»?»?¬???±
747,747,NULL,NULL,37.9799,23.7174,NULL,NULL,GR,NULL,NULL,?•?»?»?¬???±
748,748,"??µ??±???µ??????? 97",? ?»?±?„?±????½,37.9808,23.7167,NULL,NULL,GR,?‘???®?½?±,?‘?„?„?????®,?•?»?»?¬???±
749,749,NULL,NULL,37.9809,23.7152,NULL,NULL,GR,NULL,NULL,?•?»?»?¬???±
750,750,"?•?…?½?µ??????½ 2","?™?µ??¬ ?????‚ 23",37.9795,23.7142,NULL,"104 35",GR,?‘???®?½?±,?‘?„?„?????®,?•?»?»?¬???±
751,751,"?™?µ??¬ ?????‚ 22",NULL,37.9797,23.715,NULL,NULL,GR,?‘???®?½?±,?‘?„?„?????®,?•?»?»?¬???±
752,752,NULL,NULL,37.98,23.7175,NULL,NULL,GR,NULL,NULL,?•?»?»?¬???±
753,753,NULL,NULL,37.9778,23.7168,NULL,NULL,GR,NULL,NULL,?•?»?»?¬???±
754,754,"?‘??„?µ?????ƒ?????… 16",NULL,37.9807,23.7145,NULL,"104 35",GR,?‘???®?½?±,?‘?„?„?????®,?•?»?»?¬???±
755,755,NULL,NULL,37.9796,23.7179,NULL,NULL,GR,NULL,NULL,?•?»?»?¬???±
756,756,"Voulgaroktonou 57-59",NULL,37.9802,23.7174,NULL,NULL,GR,?‘???®?½?±,?‘?„?„?????®,?•?»?»?¬???±
757,757,"?•?????? 152",NULL,37.9779,23.7162,NULL,NULL,GR,?‘???®?½?±,?‘?„?„?????®,?•?»?»?¬???±
