id,api_id,name
1,music,"Concerts &amp; Tour Dates"
2,conference,"Conferences &amp; Tradeshows"
3,comedy,Comedy
4,learning_education,Education
5,family_fun_kids,"Kids &amp; Family"
6,festivals_parades,Festivals
7,movies_film,Film
8,food,"Food &amp; Wine"
9,fundraisers,"Fundraising &amp; Charity"
10,art,"Art Galleries &amp; Exhibits"
11,support,"Health &amp; Wellness"
12,holiday,Holiday
13,books,"Literary &amp; Books"
14,attractions,"Museums &amp; Attractions"
15,community,Neighborhood
16,business,"Business &amp; Networking"
17,singles_social,"Nightlife &amp; Singles"
18,schools_alumni,"University &amp; Alumni"
19,clubs_associations,"Organizations &amp; Meetups"
20,outdoors_recreation,"Outdoors &amp; Recreation"
21,performing_arts,"Performing Arts"
22,animals,Pets
23,politics_activism,"Politics &amp; Activism"
24,sales,"Sales &amp; Retail"
25,science,Science
26,religion_spirituality,"Religion &amp; Spirituality"
27,sports,Sports
28,technology,Technology
29,other,"Other &amp; Miscellaneous"
30,music,Music
31,pop_music,"Music: Pop"
32,music,Music
33,metal_hardrock_music,"Music: Heavy Metal"
34,rock_music,"Music: Rock"
35,music,Music
36,rap_hiphop_music,"Music: Hip Hop/Rap"
37,music,Music
38,country_music,"Music: Country"
39,music,Music
40,rap_hiphop_music,"Music: Hip Hop/Rap"
41,randb_soul_music,"Music: R&B/Soul"
42,music,Music
43,dance_music,"Music: Dance"
44,electronic_music,"Music: Electronic"
45,music,Music
46,alternative_music,"Music: Alternative"
47,music,Music
48,latin_music,"Music: Latin"
49,music,Music
50,childrens_music,"Music: Children's"
51,music,Music
52,religious_devotional_music,"Music: Inspirational"
53,music,Music
54,rap_hiphop_music,"Music: Hip Hop/Rap"
55,reggae_music,"Music: Reggae"
56,music,Music
57,country_music,"Music: Country"
58,vocal_music,"Music: Vocal"
59,folk_trad_music,"Music: Folk"
60,music,Music
61,pop_music,"Music: Pop"
62,world_music,"Music: World"
63,music,Music
64,jazz_music,"Music: Jazz"
65,music,Music
66,alternative_music,"Music: Alternative"
67,blues_music,"Music: Blues"
68,music,Music
69,classical_music,"Music: Classical"
70,music,Music
71,electronic_music,"Music: Electronic"
72,performing_arts_shows,"Performing Arts Show"
73,music,Music
74,classical_music,"Music: Classical"
75,opera_music,"Music: Opera"
76,music,Music
77,jazz_music,"Music: Jazz"
78,entertainer,Entertainer
79,comedy,Comedy
80,film,Film
81,business,Business
82,politics,Politics
83,sports,Sports
84,football_sports,"Sports: Football"
85,sports,Sports
86,baseball_sports,"Sports: Baseball"
87,sports,Sports
88,basketball_sports,"Sports: Basketball"
