id,venue_category
1,"Bar/Night Club"
2,"named place"
3,City
4,address
5,"Concert Hall"
6,Airport
7,"Athletic Field"
8,"Coffee House"
9,"Theatre (Live Stage)"
10,"Shopping Mall"
11,"Meeting Hall"
12,"Community Center"
13,Bistro
14,Hotel
15,"Outdoors: City Street"
16,Business
17,Cinema
18,"University/College Department"
19,"Private Residence"
20,"Art Gallery"
21,School
22,World
23,"Government Building"
24,Ampitheatre
25,"Convention Center"
26,"Place of Worship"
27,Park
28,Museum
29,"Office Building"
30,"Outdoors: Waterfront"
31,Gymnasium
32,"Research Institution"
33,Market
34,Radio
35,Library
36,syndical
37,University
38,Gallery
39,"Outdoors: Field"
40,Factory
41,Bookstore
42,"Postal Code"
43,Restaurant
44,Stadium
45,Marina
46,Beach
47,Auditorium
48,Arena
49,"Court House"
50,Other
51,"Public Square"
52,"Retail Store"
53,"Water Vessel"
54,"Outdoors: Rural"
55,Bridge
56,"Military Base"
57,"Parking Lot"
58,Event
59,Camp
60,8
61,Television
62,Country
63,37
64,38
